{"time":1784868513438156264,"op":"submit","uuid":"9e0628f2-a1c6-41ed-b019-f4d8068f8591","queue":"testQueueOriginal praline bacon recipeNot your ordinary chocolate chip cookies liqueur laced","to_state":"testSubmitted"}
{"time":1784868513438464952,"op":"claim","uuid":"9e0628f2-a1c6-41ed-b019-f4d8068f8591","queue":"testQueueOriginal praline bacon recipeNot your ordinary chocolate chip cookies liqueur laced","from_state":"testSubmitted","to_state":"testSubmitted-working"}
{"time":1784868513443333956,"op":"update","uuid":"9e0628f2-a1c6-41ed-b019-f4d8068f8591","queue":"testQueueOriginal praline bacon recipeNot your ordinary chocolate chip cookies liqueur laced","from_state":"testSubmitted-working","to_state":"testSubmitted-updated"}
{"time":1784868513448753335,"op":"claim","uuid":"9e0628f2-a1c6-41ed-b019-f4d8068f8591","queue":"testQueueOriginal praline bacon recipeNot your ordinary chocolate chip cookies liqueur laced","from_state":"testSubmitted-updated","to_state":"testSubmitted-completing"}
{"time":1784868513451772563,"op":"complete","uuid":"9e0628f2-a1c6-41ed-b019-f4d8068f8591","queue":"testQueueOriginal praline bacon recipeNot your ordinary chocolate chip cookies liqueur laced","from_state":"testSubmitted-completing","to_state":"completed"}
{"time":1784868513457034994,"op":"submit","uuid":"e758aa86-0360-4744-abea-4fc3961e0850","queue":"testQueueItalian eggs with baconStrawberry and cream cheese parfait","to_state":"testSubmitted"}
{"time":1784868513457181943,"op":"claim","uuid":"e758aa86-0360-4744-abea-4fc3961e0850","queue":"testQueueItalian eggs with baconStrawberry and cream cheese parfait","from_state":"testSubmitted","to_state":"testOverriddenCurrentState"}
{"time":1784868513471412967,"op":"submit","uuid":"90f86af4-6931-4fb4-a78e-068853a5c111","queue":"grpQ1Awesome orange chocolate muffinsFrozen kahlua creme","to_state":"testSubmitted","priority":10}
{"time":1784868513488109543,"op":"submit","uuid":"d3ab5726-42b6-4cc1-83fb-6340af67d6fe","queue":"grpQ2Awesome orange chocolate muffinsFrozen kahlua creme","to_state":"testSubmitted","priority":10}
{"time":1784868513492644960,"op":"submit","uuid":"8dbd1dde-f6fa-4558-967a-c6e36f6037e6","queue":"grpQ3Awesome orange chocolate muffinsFrozen kahlua creme","to_state":"testSubmitted","priority":5}
{"time":1784868513498065239,"op":"submit","uuid":"3f2b1d85-16f7-495b-8669-0a00c7897fd2","queue":"grpOtherAwesome orange chocolate muffinsFrozen kahlua creme","to_state":"testSubmitted","priority":100}
{"time":1784868513498229588,"op":"claim","uuid":"90f86af4-6931-4fb4-a78e-068853a5c111","queue":"grpQ1Awesome orange chocolate muffinsFrozen kahlua creme","from_state":"testSubmitted","to_state":"testSubmitted-working"}
{"time":1784868513502759014,"op":"claim","uuid":"d3ab5726-42b6-4cc1-83fb-6340af67d6fe","queue":"grpQ2Awesome orange chocolate muffinsFrozen kahlua creme","from_state":"testSubmitted","to_state":"testSubmitted-working"}
{"time":1784868513508168695,"op":"claim","uuid":"8dbd1dde-f6fa-4558-967a-c6e36f6037e6","queue":"grpQ3Awesome orange chocolate muffinsFrozen kahlua creme","from_state":"testSubmitted","to_state":"testSubmitted-working"}
{"time":1784868513518092451,"op":"claim","uuid":"3f2b1d85-16f7-495b-8669-0a00c7897fd2","queue":"grpOtherAwesome orange chocolate muffinsFrozen kahlua creme","from_state":"testSubmitted","to_state":"testSubmitted-working"}
{"time":1784868513532468714,"op":"submit","uuid":"d8d9e5f3-209c-4e59-aa4f-c9bc9509d6f4","queue":"testQueueBlueberry bakery muffinsCreamy strawberries","to_state":"testSubmitted"}
{"time":1784868513541960024,"op":"submit","uuid":"07f9563e-83ab-4a72-8a36-6e37d4da5a99","queue":"testQueueBlueberry bakery muffinsCreamy strawberries","to_state":"testSubmitted"}
{"time":1784868513546504180,"op":"submit","uuid":"dc6b4c3b-e6f4-41ad-ade4-e5ffd1573b2b","queue":"testQueueBlueberry bakery muffinsCreamy strawberries","to_state":"testSubmitted"}
{"time":1784868513555115386,"op":"submit","uuid":"e82d3d1d-81f3-49a9-ba68-b7948680cf81","queue":"testQueueBest buttermilk pancakesPineapple coconut empanadas","to_state":"testSubmitted"}
{"time":1784868513555298275,"op":"complete","uuid":"e82d3d1d-81f3-49a9-ba68-b7948680cf81","queue":"testQueueBest buttermilk pancakesPineapple coconut empanadas","from_state":"testSubmitted","to_state":"completed"}
{"time":1784868513568797635,"op":"submit","uuid":"0845c48d-8594-4037-af65-011f443f11b8","queue":"testQueueCanadian bacon cheese omeletLow fat low cholesterol chocolate cake cupcakes","to_state":"testSubmitted"}
{"time":1784868513574672431,"op":"submit","uuid":"21d65323-b72d-4324-b036-2b7e9e109871","queue":"testQueueBroiled cinnamon toastHomemade popsicles","to_state":"testSubmitted"}
{"time":1784868513579675244,"op":"submit","uuid":"4df9a21f-a211-4890-a285-7c7bedf64a9c","queue":"testQueueMamas fruit cobblerEasy homemade almond roca","to_state":"testSubmitted"}
{"time":1784868513589160834,"op":"submit","uuid":"2411763e-79f6-4ab1-b9c5-0a7d9b5afdd3","queue":"testQueueMamas fruit cobblerEasy homemade almond roca","to_state":"testSubmitted"}
{"time":1784868513589330242,"op":"claim","uuid":"4df9a21f-a211-4890-a285-7c7bedf64a9c","queue":"testQueueMamas fruit cobblerEasy homemade almond roca","from_state":"testSubmitted","to_state":"testSubmitted-working"}
{"time":1784868513599584706,"op":"submit","uuid":"d82b3ac2-b3fb-412a-a9a1-40aaf7edb800","queue":"testQueueScrambled eggs oeufs brouillsRuth walls german apple cakefirst","to_state":"testSubmitted"}
{"time":1784868513604109403,"op":"submit","uuid":"37d9f7fb-1a0e-4c2b-80f8-15a7401878c2","queue":"testQueueScrambled eggs oeufs brouillsRuth walls german apple cakefirst","to_state":"testSubmitted"}
{"time":1784868513604266302,"op":"claim","uuid":"d82b3ac2-b3fb-412a-a9a1-40aaf7edb800","queue":"testQueueScrambled eggs oeufs brouillsRuth walls german apple cakefirst","from_state":"testSubmitted","to_state":"testSubmitted-working"}
{"time":1784868513614073399,"op":"submit","uuid":"c2f54120-b4b0-441f-9a6d-680853e0fca6","queue":"testQueueScrambled eggs oeufs brouillsRuth walls german apple cakesecond","to_state":"testSubmitted"}
{"time":1784868513623546518,"op":"submit","uuid":"748dd6cd-d35a-46c1-badb-8120053d1346","queue":"testQueueScrambled eggs oeufs brouillsRuth walls german apple cakesecond","to_state":"testSubmitted"}
{"time":1784868513623729927,"op":"claim","uuid":"c2f54120-b4b0-441f-9a6d-680853e0fca6","queue":"testQueueScrambled eggs oeufs brouillsRuth walls german apple cakesecond","from_state":"testSubmitted","to_state":"testSubmitted-working"}
{"time":1784868513633973271,"op":"submit","uuid":"82736c34-3789-4510-b5cb-0a83848a8e5f","queue":"testQueueMuffin toppingsPeach cobbler with oatmeal cookie topping","to_state":"testSubmitted"}
{"time":1784868513639384001,"op":"submit","uuid":"27d39262-f403-4ed8-b2e7-8fb44889e798","queue":"testQueueMuffin toppingsPeach cobbler with oatmeal cookie topping","to_state":"testSubmitted","priority":1}
{"time":1784868513655003825,"op":"submit","uuid":"feb8a79c-5cfc-4be5-8800-be9f188c5f35","queue":"testQueueMuffin toppingsPeach cobbler with oatmeal cookie topping","to_state":"testSubmitted"}
{"time":1784868513655190864,"op":"claim","uuid":"27d39262-f403-4ed8-b2e7-8fb44889e798","queue":"testQueueMuffin toppingsPeach cobbler with oatmeal cookie topping","from_state":"testSubmitted","to_state":"testSubmitted-working"}
{"time":1784868513661906774,"op":"claim","uuid":"82736c34-3789-4510-b5cb-0a83848a8e5f","queue":"testQueueMuffin toppingsPeach cobbler with oatmeal cookie topping","from_state":"testSubmitted","to_state":"testSubmitted-working"}
{"time":1784868513673076331,"op":"submit","uuid":"01e4c55f-58b3-4d8d-a2fb-f36d20b38430","queue":"testQueueTomato and mushroom omeletteJerrys chocolate ice cream","to_state":"testSubmitted"}
{"time":1784868513677613977,"op":"submit","uuid":"9aa1d81e-47c8-4e9c-ba54-491d4288098d","queue":"testQueueTomato and mushroom omeletteJerrys chocolate ice cream","to_state":"testSubmitted"}
{"time":1784868513677763776,"op":"claim","uuid":"01e4c55f-58b3-4d8d-a2fb-f36d20b38430","queue":"testQueueTomato and mushroom omeletteJerrys chocolate ice cream","from_state":"testSubmitted","to_state":"testSubmitted-working"}
{"time":1784868513683171036,"op":"claim","uuid":"9aa1d81e-47c8-4e9c-ba54-491d4288098d","queue":"testQueueTomato and mushroom omeletteJerrys chocolate ice cream","from_state":"testSubmitted","to_state":"testSubmitted-working"}
{"time":1784868513697533759,"op":"submit","uuid":"ee473004-df14-4378-80d3-c50225d9c924","queue":"testQueueFlaeskeaeggekage danish bacon egg pancake omeletHeavenly lemon bread pudding","to_state":"testSubmitted","priority":-1}
{"time":1784868513707027399,"op":"submit","uuid":"ec9af499-a904-47c9-8402-e39b5ba07db2","queue":"testQueueFlaeskeaeggekage danish bacon egg pancake omeletHeavenly lemon bread pudding","to_state":"testSubmitted"}
{"time":1784868513711574745,"op":"submit","uuid":"3045f541-cf7b-484e-9b67-9e8c9e364306","queue":"testQueueFlaeskeaeggekage danish bacon egg pancake omeletHeavenly lemon bread pudding","to_state":"testSubmitted","priority":-1}
{"time":1784868513711700904,"op":"claim","uuid":"ec9af499-a904-47c9-8402-e39b5ba07db2","queue":"testQueueFlaeskeaeggekage danish bacon egg pancake omeletHeavenly lemon bread pudding","from_state":"testSubmitted","to_state":"testSubmitted-working"}
{"time":1784868513717125804,"op":"claim","uuid":"ee473004-df14-4378-80d3-c50225d9c924","queue":"testQueueFlaeskeaeggekage danish bacon egg pancake omeletHeavenly lemon bread pudding","from_state":"testSubmitted","to_state":"testSubmitted-working"}
{"time":1784868513731483608,"op":"submit","uuid":"039ff350-d1dd-410f-a9f5-edb4cf148f01","queue":"testQueueIsraeli breakfast saladApple dumpling bake","to_state":"testSubmitted"}
{"time":1784868513731631286,"op":"update","uuid":"039ff350-d1dd-410f-a9f5-edb4cf148f01","queue":"testQueueIsraeli breakfast saladApple dumpling bake","from_state":"testSubmitted","to_state":"updated","priority":1}
{"time":1784868513741436754,"op":"submit","uuid":"6838947c-4196-469d-89b8-bcbe2c9c03f9","queue":"testQueueEgg flowersChocolate star cookies","to_state":"testSubmitted"}
{"time":1784868513741559543,"op":"update","uuid":"6838947c-4196-469d-89b8-bcbe2c9c03f9","queue":"testQueueEgg flowersChocolate star cookies","from_state":"testSubmitted","to_state":"updated","priority":-1}
{"time":1784868513751396930,"op":"submit","uuid":"075f1ce3-73d5-406c-b9f4-6ec6b37ec35a","queue":"testQueueChili jack oven omeletAmaretto bon bon balls","to_state":"testSubmitted","priority":1}
{"time":1784868513751538539,"op":"update","uuid":"075f1ce3-73d5-406c-b9f4-6ec6b37ec35a","queue":"testQueueChili jack oven omeletAmaretto bon bon balls","from_state":"testSubmitted","to_state":"updated"}
{"time":1784868513759542559,"op":"submit","uuid":"5ff1fb10-9d6e-47e4-812c-d96c3621473f","queue":"testQueueMamas fruit cobblerBlueberry crunch","to_state":"testSubmitted"}
{"time":1784868513759689258,"op":"claim","uuid":"5ff1fb10-9d6e-47e4-812c-d96c3621473f","queue":"testQueueMamas fruit cobblerBlueberry crunch","from_state":"testSubmitted","to_state":"testSubmitted-working"}
{"time":1784868513761961361,"op":"timeout","uuid":"5ff1fb10-9d6e-47e4-812c-d96c3621473f","queue":"testQueueMamas fruit cobblerBlueberry crunch","to_state":"testSubmitted"}
{"time":1784868513766063251,"op":"claim","uuid":"5ff1fb10-9d6e-47e4-812c-d96c3621473f","queue":"testQueueMamas fruit cobblerBlueberry crunch","from_state":"testSubmitted","to_state":"testSubmitted-working"}
{"time":1784868513775964588,"op":"submit","uuid":"5ed1bdd9-bf8c-442c-a318-7fbe3cbffc5d","queue":"testQueueBest buttermilk pancakesCreamy lemon tarts","to_state":"testSubmitted"}
{"time":1784868513776080417,"op":"claim","uuid":"5ed1bdd9-bf8c-442c-a318-7fbe3cbffc5d","queue":"testQueueBest buttermilk pancakesCreamy lemon tarts","from_state":"testSubmitted","to_state":"testSubmitted-working"}
{"time":1784868513795879080,"op":"submit","uuid":"38647225-0344-4f44-8094-cfff7550c13c","queue":"testQueueEnglish muffins with bacon butterAwesome kahlua cake","to_state":"testSubmitted"}
{"time":1784868513796027069,"op":"claim","uuid":"38647225-0344-4f44-8094-cfff7550c13c","queue":"testQueueEnglish muffins with bacon butterAwesome kahlua cake","from_state":"testSubmitted","to_state":"testSubmitted-working"}
{"time":1784868513800633805,"op":"timeout","uuid":"38647225-0344-4f44-8094-cfff7550c13c","queue":"testQueueEnglish muffins with bacon butterAwesome kahlua cake","to_state":"testSubmitted"}
{"time":1784868513810365882,"op":"submit","uuid":"17f5e357-6844-4216-a1bc-bdd22542e7c6","queue":"testQueueGinger lemon muffinsWhole wheat sugar cookies","to_state":"testSubmitted"}
{"time":1784868513810511841,"op":"claim","uuid":"17f5e357-6844-4216-a1bc-bdd22542e7c6","queue":"testQueueGinger lemon muffinsWhole wheat sugar cookies","from_state":"testSubmitted","to_state":"testSubmitted-working"}
{"time":1784868513826221015,"op":"submit","uuid":"dfdd5674-469d-4c62-889b-0f30cb3690e4","queue":"testQueueVanilla fruit dipChocolate star cookies","to_state":"testSubmitted"}
{"time":1784868513826398283,"op":"claim","uuid":"dfdd5674-469d-4c62-889b-0f30cb3690e4","queue":"testQueueVanilla fruit dipChocolate star cookies","from_state":"testSubmitted","to_state":"testSubmitted-working"}
{"time":1784868513830988349,"op":"timeout","uuid":"dfdd5674-469d-4c62-889b-0f30cb3690e4","queue":"testQueueVanilla fruit dipChocolate star cookies","to_state":"testSubmitted"}
{"time":1784868513841183033,"op":"submit","uuid":"3941fc0c-544f-401b-bb6d-84c5d39ebbb2","queue":"testQueueBlackberry breakfast barsDeath by chocolate cakefirst","to_state":"testSubmitted"}
{"time":1784868513841346042,"op":"claim","uuid":"3941fc0c-544f-401b-bb6d-84c5d39ebbb2","queue":"testQueueBlackberry breakfast barsDeath by chocolate cakefirst","from_state":"testSubmitted","to_state":"testSubmitted-working"}
{"time":1784868513851152350,"op":"submit","uuid":"05633e91-5c4e-4b06-b571-23097ab8e3f2","queue":"testQueueBlackberry breakfast barsDeath by chocolate cakesecond","to_state":"testSubmitted"}
{"time":1784868513851282479,"op":"claim","uuid":"05633e91-5c4e-4b06-b571-23097ab8e3f2","queue":"testQueueBlackberry breakfast barsDeath by chocolate cakesecond","from_state":"testSubmitted","to_state":"testSubmitted-working"}
{"time":1784868513856803008,"op":"timeout","uuid":"3941fc0c-544f-401b-bb6d-84c5d39ebbb2","queue":"testQueueBlackberry breakfast barsDeath by chocolate cakefirst","to_state":"testSubmitted"}
{"time":1784868513861365714,"op":"timeout","uuid":"05633e91-5c4e-4b06-b571-23097ab8e3f2","queue":"testQueueBlackberry breakfast barsDeath by chocolate cakesecond","to_state":"testSubmitted"}
{"time":1784868513867028932,"op":"submit","uuid":"72b98509-0fc4-4b46-b0bb-19d877399511","queue":"testQueueChef flowers simple sunday brunch omeletteReindeer barkfirst","to_state":"testSubmitted"}
{"time":1784868513867156141,"op":"claim","uuid":"72b98509-0fc4-4b46-b0bb-19d877399511","queue":"testQueueChef flowers simple sunday brunch omeletteReindeer barkfirst","from_state":"testSubmitted","to_state":"testSubmitted-working"}
{"time":1784868513881071228,"op":"submit","uuid":"90c81df1-a88f-418e-862e-803dd822c162","queue":"testQueueChef flowers simple sunday brunch omeletteReindeer barksecond","to_state":"testSubmitted"}
{"time":1784868513881210227,"op":"claim","uuid":"90c81df1-a88f-418e-862e-803dd822c162","queue":"testQueueChef flowers simple sunday brunch omeletteReindeer barksecond","from_state":"testSubmitted","to_state":"testSubmitted-working"}
{"time":1784868513885884232,"op":"timeout","uuid":"72b98509-0fc4-4b46-b0bb-19d877399511","queue":"testQueueChef flowers simple sunday brunch omeletteReindeer barkfirst","to_state":"testSubmitted"}
{"time":1784868513885888762,"op":"timeout","uuid":"90c81df1-a88f-418e-862e-803dd822c162","queue":"testQueueChef flowers simple sunday brunch omeletteReindeer barksecond","to_state":"testSubmitted"}
{"time":1784868532654892521,"op":"submit","uuid":"60602d53-7388-42e1-8ce9-7eecbebfa326","queue":"conc-3776771","to_state":"s"}
{"time":1784868532671759426,"op":"submit","uuid":"7e8ba762-394d-440d-a92e-e0bb7e60e65b","queue":"conc-3776771","to_state":"s"}
{"time":1784868532671767456,"op":"submit","uuid":"1b74f7d4-7ad1-4b84-aeec-b51fbaf8280d","queue":"conc-3776771","to_state":"s"}
{"time":1784868532671776946,"op":"submit","uuid":"2e043170-907d-4cbe-8581-4cd3b7d3c92b","queue":"conc-3776771","to_state":"s"}
{"time":1784868532671798746,"op":"submit","uuid":"a98a7c41-43bf-4e86-9e88-8696cc1acfca","queue":"conc-3776771","to_state":"s"}
{"time":1784868532671809216,"op":"submit","uuid":"09cd1031-7199-4964-82b1-e15f12b0e8d6","queue":"conc-3776771","to_state":"s"}
{"time":1784868532671788266,"op":"submit","uuid":"630ed5ad-2056-45e6-a7e1-aaa2eae14f16","queue":"conc-3776771","to_state":"s"}
{"time":1784868532671815176,"op":"submit","uuid":"e63979d8-4bbd-4173-af32-2f010488dbbe","queue":"conc-3776771","to_state":"s"}
{"time":1784868532671850745,"op":"submit","uuid":"64db7111-6293-4418-9050-83e23477053d","queue":"conc-3776771","to_state":"s"}
{"time":1784868532671858265,"op":"submit","uuid":"28bf9c7c-fb15-42a1-9d9d-81b7236f3362","queue":"conc-3776771","to_state":"s"}
{"time":1784868532671864815,"op":"submit","uuid":"6c838410-0e96-4ebf-a6e0-1c03d7316158","queue":"conc-3776771","to_state":"s"}
{"time":1784868532671819086,"op":"submit","uuid":"fc6dc3ff-1874-4575-b757-2642f4a42ae0","queue":"conc-3776771","to_state":"s"}
{"time":1784868532671870315,"op":"submit","uuid":"6c310eb9-fa7a-4415-b274-bac43aeafcf3","queue":"conc-3776771","to_state":"s"}
{"time":1784868532671874285,"op":"submit","uuid":"ad0979a6-1e83-4f01-bcfc-a23696ae1f1f","queue":"conc-3776771","to_state":"s"}
{"time":1784868532671877755,"op":"submit","uuid":"336a1d79-e850-4c45-b300-a6de02f76884","queue":"conc-3776771","to_state":"s"}
{"time":1784868532671883345,"op":"submit","uuid":"331d499f-2e2c-434b-b5e6-c72999dc9b58","queue":"conc-3776771","to_state":"s"}
{"time":1784868532671888875,"op":"submit","uuid":"3b42c6f1-8c48-4f95-85a1-672fc20702d5","queue":"conc-3776771","to_state":"s"}
{"time":1784868532671889365,"op":"submit","uuid":"b7221a02-1326-47ba-8d71-54a72ebcf9e8","queue":"conc-3776771","to_state":"s"}
{"time":1784868532671894985,"op":"submit","uuid":"374e961e-8745-4eee-8b83-95e2374bff29","queue":"conc-3776771","to_state":"s"}
{"time":1784868532671896685,"op":"submit","uuid":"0c6468ff-0949-479b-97fe-f276dce32ae5","queue":"conc-3776771","to_state":"s"}
{"time":1784868532671833215,"op":"submit","uuid":"dd8afe7c-ce53-47f5-a742-74fc4c56684f","queue":"conc-3776771","to_state":"s"}
{"time":1784868532671900895,"op":"submit","uuid":"1d806de7-6f2d-4952-87b3-5b964347d358","queue":"conc-3776771","to_state":"s"}
{"time":1784868532671902445,"op":"submit","uuid":"e0c3a52f-02c9-43fd-a928-9f59fa2de92a","queue":"conc-3776771","to_state":"s"}
{"time":1784868532671903255,"op":"submit","uuid":"3bce6ba4-f2e4-436d-82ff-dc34b1f69327","queue":"conc-3776771","to_state":"s"}
{"time":1784868532671909175,"op":"submit","uuid":"d3b63146-4d38-4168-9ceb-47d3dbb699c3","queue":"conc-3776771","to_state":"s"}
{"time":1784868532671909755,"op":"submit","uuid":"b87b3a13-94ec-4f71-88d3-ff010c9ae771","queue":"conc-3776771","to_state":"s"}
{"time":1784868532671912895,"op":"submit","uuid":"85940bf3-33b8-4bca-9cbd-ae049a8fe5ed","queue":"conc-3776771","to_state":"s"}
{"time":1784868532671914635,"op":"submit","uuid":"d6d4b2ab-910e-4e57-b4de-35b4dd98fd53","queue":"conc-3776771","to_state":"s"}
{"time":1784868532671914295,"op":"submit","uuid":"9a91721e-1cf5-4743-930f-a808f5376875","queue":"conc-3776771","to_state":"s"}
{"time":1784868532671915255,"op":"submit","uuid":"b4252368-83f6-44c7-9df7-33a6a43ad49c","queue":"conc-3776771","to_state":"s"}
{"time":1784868532671918475,"op":"submit","uuid":"e649fab8-edbb-4cf8-9413-2e4c30d53241","queue":"conc-3776771","to_state":"s"}
{"time":1784868532671918855,"op":"submit","uuid":"a358ddcc-66e5-48d3-aef3-928d5642ea70","queue":"conc-3776771","to_state":"s"}
{"time":1784868532671919775,"op":"submit","uuid":"b26efeed-06b9-4c68-baad-3182ca04852d","queue":"conc-3776771","to_state":"s"}
{"time":1784868532671921285,"op":"submit","uuid":"af1d6e71-be64-42da-aa0c-f3a46633c9c1","queue":"conc-3776771","to_state":"s"}
{"time":1784868532671915915,"op":"submit","uuid":"8d7d474f-2002-49da-b812-2c151a3e20dd","queue":"conc-3776771","to_state":"s"}
{"time":1784868532671922745,"op":"submit","uuid":"c4f970c6-9946-4d6b-821f-85a91136e842","queue":"conc-3776771","to_state":"s"}
{"time":1784868532671925125,"op":"submit","uuid":"92e525ba-3809-49d2-acf4-c034975b02db","queue":"conc-3776771","to_state":"s"}
{"time":1784868532671939945,"op":"submit","uuid":"7598c769-48ee-4e4d-a74d-365d151a6d5e","queue":"conc-3776771","to_state":"s"}
{"time":1784868532671940185,"op":"submit","uuid":"6efae36a-044f-432a-93a3-217926f1889a","queue":"conc-3776771","to_state":"s"}
{"time":1784868532671941045,"op":"submit","uuid":"d6ee656f-40c1-4a65-a84c-2187ce129c78","queue":"conc-3776771","to_state":"s"}
{"time":1784868532671941905,"op":"submit","uuid":"03050c82-2189-41ba-9830-bbd0c78f7a45","queue":"conc-3776771","to_state":"s"}
{"time":1784868532671941745,"op":"submit","uuid":"8ac62533-2587-4da0-b9e4-d0ecef09cc46","queue":"conc-3776771","to_state":"s"}
{"time":1784868532671926285,"op":"submit","uuid":"8eb5ba6e-b637-403b-9413-a23d27deeb2b","queue":"conc-3776771","to_state":"s"}
{"time":1784868532671925805,"op":"submit","uuid":"4c42426b-e830-4b85-bafb-56f1317141a8","queue":"conc-3776771","to_state":"s"}
{"time":1784868532671927735,"op":"submit","uuid":"c62f89ff-e4d6-4d5f-bc44-35f6fbd9ae3b","queue":"conc-3776771","to_state":"s"}
{"time":1784868532671946915,"op":"submit","uuid":"1184f708-ec7f-4746-9cc0-17894cd3fe21","queue":"conc-3776771","to_state":"s"}
{"time":1784868532671948055,"op":"submit","uuid":"a7bd6d52-781a-4062-8421-c2cc40f89bfc","queue":"conc-3776771","to_state":"s"}
{"time":1784868532671947815,"op":"submit","uuid":"65577c67-009e-4be0-88a7-f2953f3b1a02","queue":"conc-3776771","to_state":"s"}
{"time":1784868532671927635,"op":"submit","uuid":"fc7b9233-9547-4919-b749-1f7d6639df3e","queue":"conc-3776771","to_state":"s"}
{"time":1784868532671948035,"op":"submit","uuid":"01dbb62d-13a0-4256-82d1-b6dc36c8edc5","queue":"conc-3776771","to_state":"s"}
{"time":1784868532671929425,"op":"submit","uuid":"b6b27bc7-5e3f-4b21-9c2a-de33400b2ad2","queue":"conc-3776771","to_state":"s"}
{"time":1784868532671930045,"op":"submit","uuid":"4c797150-36d0-4a99-b8f7-ad1c11eb0652","queue":"conc-3776771","to_state":"s"}
{"time":1784868532671953165,"op":"submit","uuid":"f6db068f-8ec9-491f-ad6a-2aa3a5bfe825","queue":"conc-3776771","to_state":"s"}
{"time":1784868532671953875,"op":"submit","uuid":"81003412-c880-49ca-b166-4b6fa6610965","queue":"conc-3776771","to_state":"s"}
{"time":1784868532671929995,"op":"submit","uuid":"bc068eea-3bfd-4899-ac40-673cfb1e589b","queue":"conc-3776771","to_state":"s"}
{"time":1784868532671955145,"op":"submit","uuid":"b93fa9ba-c7f4-459f-9095-273eb6802965","queue":"conc-3776771","to_state":"s"}
{"time":1784868532671955105,"op":"submit","uuid":"e5ac6515-f86e-4d52-bfea-cb331241ca07","queue":"conc-3776771","to_state":"s"}
{"time":1784868532671956075,"op":"submit","uuid":"7ec65414-89dd-4839-930f-ca5e766f1183","queue":"conc-3776771","to_state":"s"}
{"time":1784868532671956874,"op":"submit","uuid":"96be207d-add5-4ac9-8e3f-f65d232cefb9","queue":"conc-3776771","to_state":"s"}
{"time":1784868532671928985,"op":"submit","uuid":"54384a4d-fd85-4d19-9d3a-f91a6d83a012","queue":"conc-3776771","to_state":"s"}
{"time":1784868532671959734,"op":"submit","uuid":"676d661f-45ad-4d4d-b974-4bd9411bd0e6","queue":"conc-3776771","to_state":"s"}
{"time":1784868532671932235,"op":"submit","uuid":"02bb7072-b632-416a-acb6-1cce8db2c56d","queue":"conc-3776771","to_state":"s"}
{"time":1784868532671960234,"op":"submit","uuid":"23a761e5-0ed7-4a9c-87f7-e0f32a80bd53","queue":"conc-3776771","to_state":"s"}
{"time":1784868532671931775,"op":"submit","uuid":"5982a9dc-8ffe-4193-9993-22cd1b7d72b8","queue":"conc-3776771","to_state":"s"}
{"time":1784868532671962244,"op":"submit","uuid":"050f0999-a792-4d5e-8576-a7ba07fb93e3","queue":"conc-3776771","to_state":"s"}
{"time":1784868532671963064,"op":"submit","uuid":"3d46d44f-abc0-4688-86fd-ec547db81a0a","queue":"conc-3776771","to_state":"s"}
{"time":1784868532671933765,"op":"submit","uuid":"92f99b63-3f86-4397-8eb8-8df822b2192f","queue":"conc-3776771","to_state":"s"}
{"time":1784868532671933345,"op":"submit","uuid":"309c49fa-c764-4528-a3da-8feb4f995383","queue":"conc-3776771","to_state":"s"}
{"time":1784868532671965054,"op":"submit","uuid":"ba0a1781-1551-4a49-8213-7f9e1b6961a2","queue":"conc-3776771","to_state":"s"}
{"time":1784868532671980204,"op":"submit","uuid":"2b5e0f09-6bff-402b-9c75-ab81bc7f5172","queue":"conc-3776771","to_state":"s"}
{"time":1784868532671979804,"op":"submit","uuid":"40a829cb-42c4-4c0d-9cb6-23bcf8cc064b","queue":"conc-3776771","to_state":"s"}
{"time":1784868532671979694,"op":"submit","uuid":"eb16b39a-1765-4270-a32b-0ac3b4f50060","queue":"conc-3776771","to_state":"s"}
{"time":1784868532671981134,"op":"submit","uuid":"c8e86600-8f87-4a0f-b3f1-983b8a703fc0","queue":"conc-3776771","to_state":"s"}
{"time":1784868532671983864,"op":"submit","uuid":"a06f04f6-3ae6-4939-9487-2da5b35ecfc5","queue":"conc-3776771","to_state":"s"}
{"time":1784868532671936815,"op":"submit","uuid":"b0ff0b31-7139-47d9-b024-e85591c22df7","queue":"conc-3776771","to_state":"s"}
{"time":1784868532671932305,"op":"submit","uuid":"9dcc6710-c485-4515-aa9f-eba5fc4a5853","queue":"conc-3776771","to_state":"s"}
{"time":1784868532671966094,"op":"submit","uuid":"d81284d2-b392-4510-923d-ee93de649720","queue":"conc-3776771","to_state":"s"}
{"time":1784868532671937085,"op":"submit","uuid":"e9c5e8ee-174b-4534-8690-e0d05e067c58","queue":"conc-3776771","to_state":"s"}
{"time":1784868532671988224,"op":"submit","uuid":"f11e2434-cd08-4abc-a792-574a9e4f0eeb","queue":"conc-3776771","to_state":"s"}
{"time":1784868532671934395,"op":"submit","uuid":"eb19db8d-e2f8-47ac-96ac-30caffd1d0ed","queue":"conc-3776771","to_state":"s"}
{"time":1784868532671935235,"op":"submit","uuid":"b7912bad-e96e-48e2-9fc1-d6cde1f8aa14","queue":"conc-3776771","to_state":"s"}
{"time":1784868532671937595,"op":"submit","uuid":"ca662cf8-360b-4451-b0de-6ef4cf1d747c","queue":"conc-3776771","to_state":"s"}
{"time":1784868532671934035,"op":"submit","uuid":"8aba730c-8b9b-4764-ad5f-4c76ea5460f4","queue":"conc-3776771","to_state":"s"}
{"time":1784868532671991354,"op":"submit","uuid":"cbc9f7fe-cde4-4947-974b-b0e58b56a840","queue":"conc-3776771","to_state":"s"}
{"time":1784868532671991914,"op":"submit","uuid":"360b23d5-5695-4232-9a11-590776c5ce09","queue":"conc-3776771","to_state":"s"}
{"time":1784868532671939025,"op":"submit","uuid":"58f59e7e-6dfa-42fb-bfa7-5dd834744dfe","queue":"conc-3776771","to_state":"s"}
{"time":1784868532671994074,"op":"submit","uuid":"67910387-66a7-46b9-851f-85a8893a9a92","queue":"conc-3776771","to_state":"s"}
{"time":1784868532671939435,"op":"submit","uuid":"b0416654-f470-45c0-a105-a7454ceea2c6","queue":"conc-3776771","to_state":"s"}
{"time":1784868532671938485,"op":"submit","uuid":"7ad45dae-39f0-445f-9ada-96f4994ee9e8","queue":"conc-3776771","to_state":"s"}
{"time":1784868532671995574,"op":"submit","uuid":"14e33991-68a3-45e8-9095-711a3287e5ac","queue":"conc-3776771","to_state":"s"}
{"time":1784868532671940215,"op":"submit","uuid":"1f17efec-a17d-45cd-924a-e2e6d103cd3f","queue":"conc-3776771","to_state":"s"}
{"time":1784868532671935395,"op":"submit","uuid":"417bff75-60c0-43dd-8500-414892a619e9","queue":"conc-3776771","to_state":"s"}
{"time":1784868532671931545,"op":"submit","uuid":"a51afe91-f5cd-479b-bad5-5e33392793c3","queue":"conc-3776771","to_state":"s"}
{"time":1784868532671999444,"op":"submit","uuid":"c37e8c6c-4a18-4e28-8ef6-80cb723b97ab","queue":"conc-3776771","to_state":"s"}
{"time":1784868532671998934,"op":"submit","uuid":"6eee34dc-8502-4660-9a46-7e1674c400a9","queue":"conc-3776771","to_state":"s"}
{"time":1784868532671967844,"op":"submit","uuid":"615df84b-3ba1-41da-b488-73ead9266ff6","queue":"conc-3776771","to_state":"s"}
{"time":1784868532671968804,"op":"submit","uuid":"abfe4790-46a2-4728-8b80-4b44d80d65e4","queue":"conc-3776771","to_state":"s"}
{"time":1784868532671968224,"op":"submit","uuid":"5a72656e-d9a6-4260-9b4d-96d9b98f0414","queue":"conc-3776771","to_state":"s"}
{"time":1784868532671969644,"op":"submit","uuid":"5e95076b-fbe4-4ef5-b660-88e33783dce0","queue":"conc-3776771","to_state":"s"}
{"time":1784868532672008954,"op":"submit","uuid":"c4b9adb6-27a1-468a-bb6c-e0f2955a3b9a","queue":"conc-3776771","to_state":"s"}
{"time":1784868532672008244,"op":"submit","uuid":"287484e3-0348-453f-97c5-f5ee5e8f85a0","queue":"conc-3776771","to_state":"s"}
{"time":1784868532672021724,"op":"submit","uuid":"f3e9f7a7-0d9e-4077-8d7d-0bff88e440e6","queue":"conc-3776771","to_state":"s"}
{"time":1784868532672024464,"op":"submit","uuid":"9bf51c87-6ecd-49f2-8db2-49916dc83031","queue":"conc-3776771","to_state":"s"}
{"time":1784868532672022754,"op":"submit","uuid":"316bd1f6-b7bd-4b6a-bf82-4462a83be723","queue":"conc-3776771","to_state":"s"}
{"time":1784868532672025114,"op":"submit","uuid":"8aec5d94-1b1b-459e-b2c8-ba41c160f707","queue":"conc-3776771","to_state":"s"}
{"time":1784868532672025414,"op":"submit","uuid":"64836062-d9df-4eec-9d67-e0edce68ec6f","queue":"conc-3776771","to_state":"s"}
{"time":1784868532671970254,"op":"submit","uuid":"abe9f11e-04ce-4f4b-aab6-3e6fb2741e1d","queue":"conc-3776771","to_state":"s"}
{"time":1784868532672029594,"op":"submit","uuid":"bb62aa32-8235-4bc2-8ea7-28a74c5ddb65","queue":"conc-3776771","to_state":"s"}
{"time":1784868532672030164,"op":"submit","uuid":"80066cca-2e74-4fc3-bc6c-9f80c561ee63","queue":"conc-3776771","to_state":"s"}
{"time":1784868532671970904,"op":"submit","uuid":"46580721-3388-4637-aedd-2ebb78ec3b7c","queue":"conc-3776771","to_state":"s"}
{"time":1784868532671972584,"op":"submit","uuid":"ae2fc1c8-9b0f-4cc1-8e55-6ae46cf186e6","queue":"conc-3776771","to_state":"s"}
{"time":1784868532672032164,"op":"submit","uuid":"a5a6a409-69a7-4591-86a7-dabcf3a2980e","queue":"conc-3776771","to_state":"s"}
{"time":1784868532671938625,"op":"submit","uuid":"f9b22b8a-3ae4-401e-a363-c914fa2a8d09","queue":"conc-3776771","to_state":"s"}
{"time":1784868532671974174,"op":"submit","uuid":"e1d6bc88-90eb-47ab-9130-276abdde9c8a","queue":"conc-3776771","to_state":"s"}
{"time":1784868532671973134,"op":"submit","uuid":"1129ae26-b7ed-4f2f-b968-e5fc4e88b1ae","queue":"conc-3776771","to_state":"s"}
{"time":1784868532672034784,"op":"submit","uuid":"c8bb7653-e82f-49d5-94c5-f70e851ee198","queue":"conc-3776771","to_state":"s"}
{"time":1784868532672035544,"op":"submit","uuid":"72990efe-1121-4238-b5d4-8152f51f0b49","queue":"conc-3776771","to_state":"s"}
{"time":1784868532672035494,"op":"submit","uuid":"d2585d55-0a74-40dc-8b48-ee302ef33594","queue":"conc-3776771","to_state":"s"}
{"time":1784868532672037094,"op":"submit","uuid":"168c94c8-8440-46c9-ba44-377761f3329d","queue":"conc-3776771","to_state":"s"}
{"time":1784868532671974484,"op":"submit","uuid":"0fc694fb-5e8e-4793-94d7-93593259188e","queue":"conc-3776771","to_state":"s"}
{"time":1784868532671976214,"op":"submit","uuid":"7dffa8f2-694d-4adc-a0e8-1c7ef39e82e2","queue":"conc-3776771","to_state":"s"}
{"time":1784868532671973844,"op":"submit","uuid":"ae4edc60-372b-4a51-9cc4-45ede1245ac0","queue":"conc-3776771","to_state":"s"}
{"time":1784868532671975714,"op":"submit","uuid":"7428a1e1-79d2-403f-b909-fd7e7df12072","queue":"conc-3776771","to_state":"s"}
{"time":1784868532671973994,"op":"submit","uuid":"7b3b2948-e172-48e5-8cf6-3bf9edb1740f","queue":"conc-3776771","to_state":"s"}
{"time":1784868532672042264,"op":"submit","uuid":"8779f554-2007-42e7-97b7-3b548c728414","queue":"conc-3776771","to_state":"s"}
{"time":1784868532672041634,"op":"submit","uuid":"e827d007-6b13-44df-9022-7b43096f9fb4","queue":"conc-3776771","to_state":"s"}
{"time":1784868532672042744,"op":"submit","uuid":"55c01cf5-3df3-4a2a-8de0-1bfd2f2b6fe7","queue":"conc-3776771","to_state":"s"}
{"time":1784868532671977644,"op":"submit","uuid":"5777b666-e291-441c-a31d-d41de21c5c1d","queue":"conc-3776771","to_state":"s"}
{"time":1784868532671977604,"op":"submit","uuid":"d38d2ec5-21aa-41b3-9d8d-05b4f8c16143","queue":"conc-3776771","to_state":"s"}
{"time":1784868532672046164,"op":"submit","uuid":"7214c52f-757e-4edb-b90a-d8faf83c3636","queue":"conc-3776771","to_state":"s"}
{"time":1784868532671978014,"op":"submit","uuid":"24138658-1ad9-4d74-971f-90f418ab5e8d","queue":"conc-3776771","to_state":"s"}
{"time":1784868532671979134,"op":"submit","uuid":"bb47059e-96df-4dce-98c4-c8c6a6feb9f9","queue":"conc-3776771","to_state":"s"}
{"time":1784868532672047954,"op":"submit","uuid":"9138d969-9fa9-401f-8d86-384fc86b86d5","queue":"conc-3776771","to_state":"s"}
{"time":1784868532672058354,"op":"submit","uuid":"ab8b740f-37e2-4ec9-854b-a61cd49da749","queue":"conc-3776771","to_state":"s"}
{"time":1784868532672060014,"op":"submit","uuid":"6d8b60b8-cd9d-4785-bea0-b4a3d1309ec9","queue":"conc-3776771","to_state":"s"}
{"time":1784868532672057574,"op":"submit","uuid":"145d7770-0731-4f2c-a2fb-edc7faa629c1","queue":"conc-3776771","to_state":"s"}
{"time":1784868532672060624,"op":"submit","uuid":"6d2aea0b-d025-4b24-8442-8b4fb03c9d6e","queue":"conc-3776771","to_state":"s"}
{"time":1784868532672061074,"op":"submit","uuid":"3f7c26df-4007-486f-b2bf-16a6d22cf73a","queue":"conc-3776771","to_state":"s"}
{"time":1784868532672060664,"op":"submit","uuid":"9069fe8f-2a88-4510-ad20-dbba01380da5","queue":"conc-3776771","to_state":"s"}
{"time":1784868532672063514,"op":"submit","uuid":"0c51b8dc-f261-4f67-9e17-205738c1755f","queue":"conc-3776771","to_state":"s"}
{"time":1784868532671978514,"op":"submit","uuid":"3d7dd798-e564-450a-8a65-8e21a8d3c1a3","queue":"conc-3776771","to_state":"s"}
{"time":1784868532672064894,"op":"submit","uuid":"7e134c83-2d75-4989-b643-d9fe4127ecda","queue":"conc-3776771","to_state":"s"}
{"time":1784868532672065254,"op":"submit","uuid":"f6218f22-cea3-41f9-8434-b311a1ce87ed","queue":"conc-3776771","to_state":"s"}
{"time":1784868532672048104,"op":"submit","uuid":"21992b75-586a-41b9-afa9-be1c799343e0","queue":"conc-3776771","to_state":"s"}
{"time":1784868532672065874,"op":"submit","uuid":"071018e0-32a7-4519-a291-3ca433edf122","queue":"conc-3776771","to_state":"s"}
{"time":1784868532672067364,"op":"submit","uuid":"c42c76b6-ccb1-4bbe-8aa0-2bba3cfa2d97","queue":"conc-3776771","to_state":"s"}
{"time":1784868532671968044,"op":"submit","uuid":"738b3c5e-a2e9-4059-83f6-ad2e4ab67ab1","queue":"conc-3776771","to_state":"s"}
{"time":1784868532672068604,"op":"submit","uuid":"c1563659-a41c-4c39-858b-f206c719f0f4","queue":"conc-3776771","to_state":"s"}
{"time":1784868532671969514,"op":"submit","uuid":"fac6e9a0-0468-4ffe-97cd-10d07b560c3b","queue":"conc-3776771","to_state":"s"}
{"time":1784868532672068134,"op":"submit","uuid":"e164c20e-225b-4f38-85e4-eb47832ccff7","queue":"conc-3776771","to_state":"s"}
{"time":1784868532672069164,"op":"submit","uuid":"79bf4bbb-3b58-4b27-947e-efcaa5ef1f75","queue":"conc-3776771","to_state":"s"}
{"time":1784868532671970364,"op":"submit","uuid":"a3ac11de-0676-4554-8e41-56a269f65e4c","queue":"conc-3776771","to_state":"s"}
{"time":1784868532672010284,"op":"submit","uuid":"8889be5b-f35c-44f3-b3c7-ca1d88775a6a","queue":"conc-3776771","to_state":"s"}
{"time":1784868532672072344,"op":"submit","uuid":"be4f9372-43b7-498e-8f30-e89faf5b0209","queue":"conc-3776771","to_state":"s"}
{"time":1784868532672074544,"op":"submit","uuid":"0cdae7aa-791b-456b-bb25-b70f82593365","queue":"conc-3776771","to_state":"s"}
{"time":1784868532672075174,"op":"submit","uuid":"02a1351e-effa-4a78-9e75-0389f465c11d","queue":"conc-3776771","to_state":"s"}
{"time":1784868532672075414,"op":"submit","uuid":"15a56903-a3d1-434a-abe6-51492babb526","queue":"conc-3776771","to_state":"s"}
{"time":1784868532672076674,"op":"submit","uuid":"95976fd8-760d-4a85-b077-1c84cec7d77b","queue":"conc-3776771","to_state":"s"}
{"time":1784868532672012034,"op":"submit","uuid":"b3166263-2f3a-48f5-a930-16b9520a4638","queue":"conc-3776771","to_state":"s"}
{"time":1784868532672079254,"op":"submit","uuid":"5c6179dc-1eac-4114-b97b-aaea45be0b7c","queue":"conc-3776771","to_state":"s"}
{"time":1784868532672079164,"op":"submit","uuid":"a46b2230-4806-46e3-8631-cf4b5a6b2901","queue":"conc-3776771","to_state":"s"}
{"time":1784868532672013034,"op":"submit","uuid":"a43b9530-0d71-409a-b57e-23faa451ab9d","queue":"conc-3776771","to_state":"s"}
{"time":1784868532672011074,"op":"submit","uuid":"e0714314-a2b7-4b09-aa10-ee5b8fbaef56","queue":"conc-3776771","to_state":"s"}
{"time":1784868532672081434,"op":"submit","uuid":"ed8d0eb7-0ed6-4711-8dd5-aa483c4a2858","queue":"conc-3776771","to_state":"s"}
{"time":1784868532672081204,"op":"submit","uuid":"cb2b5298-f69e-4906-bc81-d99a63c0a419","queue":"conc-3776771","to_state":"s"}
{"time":1784868532672082514,"op":"submit","uuid":"7915a065-09b1-41a8-9867-296babb85777","queue":"conc-3776771","to_state":"s"}
{"time":1784868532672093913,"op":"submit","uuid":"8aadaa8e-f2b1-4484-898d-8c82939818da","queue":"conc-3776771","to_state":"s"}
{"time":1784868532672095083,"op":"submit","uuid":"7a253d30-8635-462c-af70-59e106c3c4c4","queue":"conc-3776771","to_state":"s"}
{"time":1784868532672096713,"op":"submit","uuid":"72d7f02a-7a2a-405c-80f0-ff469eeb82eb","queue":"conc-3776771","to_state":"s"}
{"time":1784868532672097653,"op":"submit","uuid":"f9b19629-7b23-48ba-b970-645e80e77653","queue":"conc-3776771","to_state":"s"}
{"time":1784868532672097503,"op":"submit","uuid":"ae648557-6256-4f57-b3e2-71088fbee10b","queue":"conc-3776771","to_state":"s"}
{"time":1784868532672099333,"op":"submit","uuid":"fe50cecf-ac75-4aad-a7d2-a396005f297d","queue":"conc-3776771","to_state":"s"}
{"time":1784868532672014114,"op":"submit","uuid":"c087c699-387d-4275-8079-e1fa2473d426","queue":"conc-3776771","to_state":"s"}
{"time":1784868532672013164,"op":"submit","uuid":"6b105604-22df-47d9-8dea-72e6685f1592","queue":"conc-3776771","to_state":"s"}
{"time":1784868532672103243,"op":"submit","uuid":"b7f1b4a1-163f-4a9f-8661-4fdfdb85996a","queue":"conc-3776771","to_state":"s"}
{"time":1784868532672102603,"op":"submit","uuid":"4b4d6ad7-b7d8-4a2f-a2cb-6e987c13c63f","queue":"conc-3776771","to_state":"s"}
{"time":1784868532672103863,"op":"submit","uuid":"9e252e50-8881-413e-a1c6-5eb669d42429","queue":"conc-3776771","to_state":"s"}
{"time":1784868532672103683,"op":"submit","uuid":"71f19348-a4e7-40c7-a525-9b4b542b8fc7","queue":"conc-3776771","to_state":"s"}
{"time":1784868532672015474,"op":"submit","uuid":"6b76c0fe-63fa-4bde-8405-cbd4b3efac04","queue":"conc-3776771","to_state":"s"}
{"time":1784868532672014614,"op":"submit","uuid":"86e87417-2b1f-47a3-b117-315d263a4b27","queue":"conc-3776771","to_state":"s"}
{"time":1784868532672108753,"op":"submit","uuid":"ab750c7a-615f-420a-9f1a-1fef5d6bf994","queue":"conc-3776771","to_state":"s"}
{"time":1784868532672015124,"op":"submit","uuid":"03fdb788-4da6-4546-a31e-2248fa51bbdb","queue":"conc-3776771","to_state":"s"}
{"time":1784868532672016604,"op":"submit","uuid":"deab1286-a985-49c3-bb3a-97b8c421fed0","queue":"conc-3776771","to_state":"s"}
{"time":1784868532672113463,"op":"submit","uuid":"6cf3ea3e-475a-4fcb-ac65-5f06ead4f00b","queue":"conc-3776771","to_state":"s"}
{"time":1784868532672015764,"op":"submit","uuid":"de887ee1-93ea-4663-a7cc-58a1b1f8004f","queue":"conc-3776771","to_state":"s"}
{"time":1784868532672113453,"op":"submit","uuid":"1d3bd932-3a0a-46e2-a4e9-4200f6efaa2a","queue":"conc-3776771","to_state":"s"}
{"time":1784868532672016504,"op":"submit","uuid":"595dcb1c-5a1c-4e50-bd96-13d858e82377","queue":"conc-3776771","to_state":"s"}
{"time":1784868532672017094,"op":"submit","uuid":"7292bc1d-3a7a-4d9f-9948-633adb1e7f13","queue":"conc-3776771","to_state":"s"}
{"time":1784868532672017244,"op":"submit","uuid":"2ab51ba2-6904-40fb-af3a-5cfbecea8ae5","queue":"conc-3776771","to_state":"s"}
{"time":1784868532672101353,"op":"submit","uuid":"4e011664-4507-4fc2-b82a-cf362404e8e2","queue":"conc-3776771","to_state":"s"}
{"time":1784868532672184653,"op":"submit","uuid":"5a5c0338-3b76-4415-84d6-55fc09382724","queue":"conc-3776771","to_state":"s"}
{"time":1784868532672017924,"op":"submit","uuid":"16370c70-6915-40df-b6c3-ee51ea760a63","queue":"conc-3776771","to_state":"s"}
{"time":1784868532672018644,"op":"submit","uuid":"00bc31db-c929-4a49-ad2f-14969e7e3b0c","queue":"conc-3776771","to_state":"s"}
{"time":1784868532672019914,"op":"submit","uuid":"2257159a-9ac0-4ea6-9ecb-a2d5356b96ae","queue":"conc-3776771","to_state":"s"}
{"time":1784868532672017564,"op":"submit","uuid":"22eaaeca-8baa-40e2-815f-3ef003513988","queue":"conc-3776771","to_state":"s"}
{"time":1784868532672019334,"op":"submit","uuid":"7ff37e19-5714-407e-967d-86f6204aeb78","queue":"conc-3776771","to_state":"s"}
{"time":1784868532672019684,"op":"submit","uuid":"3072cb10-7f4f-42ad-b757-fca5e2cf0dfc","queue":"conc-3776771","to_state":"s"}
{"time":1784868532672019204,"op":"submit","uuid":"f8d1ed24-e957-49f3-b320-691eff84a05e","queue":"conc-3776771","to_state":"s"}
{"time":1784868532672020774,"op":"submit","uuid":"c508db97-d696-46cb-9c45-b65cd041d5d4","queue":"conc-3776771","to_state":"s"}
{"time":1784868532672022154,"op":"submit","uuid":"464dcd0f-8708-48ac-8ca6-a0b8d051427f","queue":"conc-3776771","to_state":"s"}
{"time":1784868532672021674,"op":"submit","uuid":"d30249d3-ccd0-4298-9fdd-109d804838e0","queue":"conc-3776771","to_state":"s"}
{"time":1784868532672021564,"op":"submit","uuid":"9ca42433-68b4-49aa-936e-54446b91c1f4","queue":"conc-3776771","to_state":"s"}
{"time":1784868532672023354,"op":"submit","uuid":"734a14bf-4694-448c-ba88-a125daeb99a4","queue":"conc-3776771","to_state":"s"}
{"time":1784868532672023724,"op":"submit","uuid":"08b70ff8-74a3-48c8-b035-a70ba7ec1227","queue":"conc-3776771","to_state":"s"}
{"time":1784868532671975714,"op":"submit","uuid":"92c85ec1-8ded-471d-8525-32d6c0efe9ce","queue":"conc-3776771","to_state":"s"}
{"time":1784868532672040794,"op":"submit","uuid":"f3a02609-3014-4bd4-af33-7721dc5aee8d","queue":"conc-3776771","to_state":"s"}
{"time":1784868532671976734,"op":"submit","uuid":"8d986f8f-ab0c-4638-aeab-5dabe5f68aaa","queue":"conc-3776771","to_state":"s"}
{"time":1784868532671979284,"op":"submit","uuid":"a2386c34-8b70-49b4-8128-7878fd2caff5","queue":"conc-3776771","to_state":"s"}
{"time":1784868532672049884,"op":"submit","uuid":"65c6057d-471f-4a71-b520-ab4c3d1725a4","queue":"conc-3776771","to_state":"s"}
{"time":1784868532671937165,"op":"submit","uuid":"4a5d1ed8-cdc3-43da-9a1f-ccdcb63e5629","queue":"conc-3776771","to_state":"s"}
{"time":1784868532672050774,"op":"submit","uuid":"d6de51f7-cf71-4226-a9e7-cbbbe93af958","queue":"conc-3776771","to_state":"s"}
{"time":1784868532672051474,"op":"submit","uuid":"5c242427-fc4d-4748-b67e-b5376f6994c3","queue":"conc-3776771","to_state":"s"}
{"time":1784868532672051954,"op":"submit","uuid":"d6bbde05-60d7-4842-9a05-9925e672ce06","queue":"conc-3776771","to_state":"s"}
{"time":1784868532672052004,"op":"submit","uuid":"3c1d8585-7d7d-4695-b1c3-4788c3e8e317","queue":"conc-3776771","to_state":"s"}
{"time":1784868532672052944,"op":"submit","uuid":"9b7646e2-bd51-4362-9f9a-99e163c0bdf0","queue":"conc-3776771","to_state":"s"}
{"time":1784868532672053174,"op":"submit","uuid":"27f48f19-51ff-40de-b5bb-7b2aa89d3a46","queue":"conc-3776771","to_state":"s"}
{"time":1784868532672052914,"op":"submit","uuid":"a74c67d5-894e-4216-9330-318b8be471ae","queue":"conc-3776771","to_state":"s"}
{"time":1784868532672053604,"op":"submit","uuid":"315cf4d3-a474-4d43-b7ee-3b9aca1a1b29","queue":"conc-3776771","to_state":"s"}
{"time":1784868532672054414,"op":"submit","uuid":"72f27783-f712-4eb7-a63b-7aeec0038f95","queue":"conc-3776771","to_state":"s"}
{"time":1784868532672054904,"op":"submit","uuid":"6a745ec2-823d-4091-984b-4485193a3af5","queue":"conc-3776771","to_state":"s"}
{"time":1784868532672054874,"op":"submit","uuid":"0c207d0d-4829-4eea-9e01-f8f0acaea4f1","queue":"conc-3776771","to_state":"s"}
{"time":1784868532672054934,"op":"submit","uuid":"2fc8ca39-ff7b-4038-b924-18f111676971","queue":"conc-3776771","to_state":"s"}
{"time":1784868532672055174,"op":"submit","uuid":"9690c3c9-1212-478e-b406-374cf4977694","queue":"conc-3776771","to_state":"s"}
{"time":1784868532672055734,"op":"submit","uuid":"9dcb1469-8f68-45b6-a7c1-ae2fe4b53bb9","queue":"conc-3776771","to_state":"s"}
{"time":1784868532672055884,"op":"submit","uuid":"6297d79a-1fd5-46d2-97d9-5498eabea722","queue":"conc-3776771","to_state":"s"}
{"time":1784868532672056504,"op":"submit","uuid":"1ac84913-2241-49d8-975b-f5441b0c0a40","queue":"conc-3776771","to_state":"s"}
{"time":1784868532672056364,"op":"submit","uuid":"723abe0d-ee67-44e5-a465-a2707e12505a","queue":"conc-3776771","to_state":"s"}
{"time":1784868532672056764,"op":"submit","uuid":"3a7a74ce-af8a-4204-94a4-53f683d980a2","queue":"conc-3776771","to_state":"s"}
{"time":1784868532672058264,"op":"submit","uuid":"7c5b8e86-1a04-4b8f-b667-9f8a222c0815","queue":"conc-3776771","to_state":"s"}
{"time":1784868532672057924,"op":"submit","uuid":"9886657e-4a92-46f6-985c-0af5df491c77","queue":"conc-3776771","to_state":"s"}
{"time":1784868532672056184,"op":"submit","uuid":"e947b2d9-ba7c-498d-9c94-0e646dca094e","queue":"conc-3776771","to_state":"s"}
{"time":1784868532672057834,"op":"submit","uuid":"57f11c5b-b1eb-44c6-a2e4-650572697e5f","queue":"conc-3776771","to_state":"s"}
{"time":1784868532672059394,"op":"submit","uuid":"46cccae2-b5c2-4e4b-8dcc-719513b63acc","queue":"conc-3776771","to_state":"s"}
{"time":1784868532672059584,"op":"submit","uuid":"c19adad2-48ae-4e22-aa76-9f80c2e21b23","queue":"conc-3776771","to_state":"s"}
{"time":1784868532672013474,"op":"submit","uuid":"2ad63fd6-c529-4ca0-aff1-8a9a7238862f","queue":"conc-3776771","to_state":"s"}
{"time":1784868532672085014,"op":"submit","uuid":"b253f477-304c-4e9b-aecd-ae142755cc7b","queue":"conc-3776771","to_state":"s"}
{"time":1784868532672083384,"op":"submit","uuid":"371ae8af-be98-4738-b531-245a2daa1304","queue":"conc-3776771","to_state":"s"}
{"time":1784868532672085634,"op":"submit","uuid":"084d41d8-0e5d-4064-9791-2c3d7724d80b","queue":"conc-3776771","to_state":"s"}
{"time":1784868532672084104,"op":"submit","uuid":"180cc4ec-28c9-4ef5-aa50-92bebfe4d05b","queue":"conc-3776771","to_state":"s"}
{"time":1784868532672087094,"op":"submit","uuid":"7219736e-89e8-4168-bc88-1e38d14879ed","queue":"conc-3776771","to_state":"s"}
{"time":1784868532672087064,"op":"submit","uuid":"33ac921f-f615-4e7d-9006-d77bec924886","queue":"conc-3776771","to_state":"s"}
{"time":1784868532672087724,"op":"submit","uuid":"a0f28fda-e60f-4c20-b8ec-ae5a5774f0d8","queue":"conc-3776771","to_state":"s"}
{"time":1784868532672087484,"op":"submit","uuid":"3bd64a13-5f53-437d-93ad-d8b3fa615e2f","queue":"conc-3776771","to_state":"s"}
{"time":1784868532672088194,"op":"submit","uuid":"567fe780-d609-4a78-b8a3-959310dc6fe9","queue":"conc-3776771","to_state":"s"}
{"time":1784868532672089004,"op":"submit","uuid":"265a62d3-4390-4f5c-87f5-f5a4eab1a53c","queue":"conc-3776771","to_state":"s"}
{"time":1784868532672089214,"op":"submit","uuid":"c2e6106a-636c-422d-86b4-49bbd4543697","queue":"conc-3776771","to_state":"s"}
{"time":1784868532672090983,"op":"submit","uuid":"4f2dace4-fd9e-4431-b6ce-7504db0387b3","queue":"conc-3776771","to_state":"s"}
{"time":1784868532672089224,"op":"submit","uuid":"8b6ffdaf-e727-4e9e-935d-a2e64a0bcd98","queue":"conc-3776771","to_state":"s"}
{"time":1784868532672089554,"op":"submit","uuid":"8d40ecd2-537e-4160-bae9-77ebd27df60d","queue":"conc-3776771","to_state":"s"}
{"time":1784868532672091153,"op":"submit","uuid":"29ceb4b3-de5f-4760-b361-4f11da5c9453","queue":"conc-3776771","to_state":"s"}
{"time":1784868532672089634,"op":"submit","uuid":"b058a32b-10f3-477a-afc1-2e61869230e1","queue":"conc-3776771","to_state":"s"}
{"time":1784868532672093323,"op":"submit","uuid":"0b9dae97-bdb6-4615-9ce2-1b06bb8d284d","queue":"conc-3776771","to_state":"s"}
{"time":1784868532672094713,"op":"submit","uuid":"9d994c91-77ec-4eaf-90a9-1cbce0152b58","queue":"conc-3776771","to_state":"s"}
{"time":1784868532672092633,"op":"submit","uuid":"22e180d9-421d-4cd6-ad2a-6b83f0e310be","queue":"conc-3776771","to_state":"s"}
{"time":1784868532672092863,"op":"submit","uuid":"e21453e1-c542-4f39-ba68-894e028d81e6","queue":"conc-3776771","to_state":"s"}
{"time":1784868532672021084,"op":"submit","uuid":"36273ef3-f4a0-4c26-be4e-d2c00d2036c4","queue":"conc-3776771","to_state":"s"}
{"time":1784868532677239436,"op":"submit","uuid":"3741a601-3c02-4a0f-b3e6-72d63070dfed","queue":"conc-3776771","to_state":"s"}
{"time":1784868532686704376,"op":"submit","uuid":"c8783387-49fc-493e-9a79-b9366342ecf2","queue":"conc-3776771","to_state":"s"}
{"time":1784868532686705466,"op":"submit","uuid":"f3ad1380-84ce-45fa-ae7b-eb7259b53772","queue":"conc-3776771","to_state":"s"}
{"time":1784868532686712736,"op":"submit","uuid":"6d52f10a-b974-4f11-8266-1c7108e0245d","queue":"conc-3776771","to_state":"s"}
{"time":1784868532686712026,"op":"submit","uuid":"8dd331f9-2905-41ae-bb6e-9abef7b364bd","queue":"conc-3776771","to_state":"s"}
{"time":1784868532686716606,"op":"submit","uuid":"8916be96-c4fc-4132-b736-7d28831bb4ba","queue":"conc-3776771","to_state":"s"}
{"time":1784868532686731275,"op":"submit","uuid":"a7e4481e-7648-44ec-8396-bb1349bb1b5e","queue":"conc-3776771","to_state":"s"}
{"time":1784868532686731066,"op":"submit","uuid":"111481c2-44b2-415c-940a-5e010b6e0f29","queue":"conc-3776771","to_state":"s"}
{"time":1784868532686731875,"op":"submit","uuid":"1a1b67ab-fd3e-4ea2-9fe3-253cfbd99a68","queue":"conc-3776771","to_state":"s"}
{"time":1784868532686737665,"op":"submit","uuid":"4c0e1b9e-12ef-409f-a7cc-5e291101f984","queue":"conc-3776771","to_state":"s"}
{"time":1784868532686737375,"op":"submit","uuid":"0f423207-91a9-4c28-afae-0d67f99e67e4","queue":"conc-3776771","to_state":"s"}
{"time":1784868532686737755,"op":"submit","uuid":"fba05ee5-b57b-45ea-b583-0aaca083e6e1","queue":"conc-3776771","to_state":"s"}
{"time":1784868532686741815,"op":"submit","uuid":"abe2faf1-d91d-401f-ba37-2fa13b21a09c","queue":"conc-3776771","to_state":"s"}
{"time":1784868532686741705,"op":"submit","uuid":"4255d826-549c-4958-9992-cfc9e47a7279","queue":"conc-3776771","to_state":"s"}
{"time":1784868532686745645,"op":"submit","uuid":"a864e3a9-f686-4230-8acd-cc97ac455f71","queue":"conc-3776771","to_state":"s"}
{"time":1784868532686747275,"op":"submit","uuid":"0a5ce1f9-0aab-4b18-9a6f-8647b8b8c0d4","queue":"conc-3776771","to_state":"s"}
{"time":1784868532686747615,"op":"submit","uuid":"840c0c43-a7ad-4aae-b5f0-9d6a0f397baa","queue":"conc-3776771","to_state":"s"}
{"time":1784868532686745425,"op":"submit","uuid":"4aeadba7-651e-495b-8713-3b6539445470","queue":"conc-3776771","to_state":"s"}
{"time":1784868532686749505,"op":"submit","uuid":"39c51dfa-25cf-452a-8ef7-55519ecb2494","queue":"conc-3776771","to_state":"s"}
{"time":1784868532686749625,"op":"submit","uuid":"e952ef16-8d96-4270-b25e-0914c5eaf1e5","queue":"conc-3776771","to_state":"s"}
{"time":1784868532686750955,"op":"submit","uuid":"8b71aa73-ad5b-48ed-a9f8-377cab1e09c9","queue":"conc-3776771","to_state":"s"}
{"time":1784868532686752455,"op":"submit","uuid":"2e7f3f99-01b5-4573-ac8a-c474f0381b0c","queue":"conc-3776771","to_state":"s"}
{"time":1784868532686754955,"op":"submit","uuid":"4a806a6f-3b4d-476f-a0fa-8b249ff918ab","queue":"conc-3776771","to_state":"s"}
{"time":1784868532686755935,"op":"submit","uuid":"afce27a4-0e1a-4e8d-847c-a2001ea9fb4f","queue":"conc-3776771","to_state":"s"}
{"time":1784868532686755785,"op":"submit","uuid":"dae8eb6a-c348-4bc1-a24d-a055a94081f7","queue":"conc-3776771","to_state":"s"}
{"time":1784868532686757325,"op":"submit","uuid":"4f576d98-56fc-4e26-8b1a-2cc189564aeb","queue":"conc-3776771","to_state":"s"}
{"time":1784868532686758945,"op":"submit","uuid":"9245da89-cc20-4b10-a8ce-fd4dc3ab4257","queue":"conc-3776771","to_state":"s"}
{"time":1784868532686756525,"op":"submit","uuid":"0fce2868-a071-4f14-be5d-b10524d2fd79","queue":"conc-3776771","to_state":"s"}
{"time":1784868532686759575,"op":"submit","uuid":"4cff026b-0d75-4c92-a22a-49359636034a","queue":"conc-3776771","to_state":"s"}
{"time":1784868532686760095,"op":"submit","uuid":"f693ab2f-9bea-414b-b494-90e8b607c425","queue":"conc-3776771","to_state":"s"}
{"time":1784868532686760165,"op":"submit","uuid":"63088d9a-0869-4986-9eb2-92ee00988b9c","queue":"conc-3776771","to_state":"s"}
{"time":1784868532686721086,"op":"submit","uuid":"018f51d6-7fc0-499a-a1bc-92a369bd60df","queue":"conc-3776771","to_state":"s"}
{"time":1784868532686764245,"op":"submit","uuid":"25b5f26f-9270-49b0-b265-5ad3476fbd94","queue":"conc-3776771","to_state":"s"}
{"time":1784868532686722406,"op":"submit","uuid":"03d75aed-f6f0-4b32-90df-1cf6bfa44a3d","queue":"conc-3776771","to_state":"s"}
{"time":1784868532686719716,"op":"submit","uuid":"3c5faa0a-bf22-4c7c-9836-fbda3af3f80f","queue":"conc-3776771","to_state":"s"}
{"time":1784868532686723516,"op":"submit","uuid":"13fa261d-c843-4e8b-854b-55b6dc3abd75","queue":"conc-3776771","to_state":"s"}
{"time":1784868532686724586,"op":"submit","uuid":"4510f663-128f-4c49-b269-44396470abd5","queue":"conc-3776771","to_state":"s"}
{"time":1784868532686725556,"op":"submit","uuid":"4ad7ca3b-bb7f-4ec7-8bb7-aeaa0ad3a16e","queue":"conc-3776771","to_state":"s"}
{"time":1784868532686726626,"op":"submit","uuid":"8f9b11ca-b801-41c3-8f6d-d34866c11eb4","queue":"conc-3776771","to_state":"s"}
{"time":1784868532686724816,"op":"submit","uuid":"7adb12e9-405d-4721-9026-c351b1c71da3","queue":"conc-3776771","to_state":"s"}
{"time":1784868532686728046,"op":"submit","uuid":"2c4d91f7-4618-49c1-8477-67ce0ef3e0cb","queue":"conc-3776771","to_state":"s"}
{"time":1784868532686728896,"op":"submit","uuid":"29b63e7b-2f68-450c-b544-960820d460aa","queue":"conc-3776771","to_state":"s"}
{"time":1784868532686729956,"op":"submit","uuid":"2ae67698-658d-4416-8909-f387b8ae4047","queue":"conc-3776771","to_state":"s"}
{"time":1784868532686727696,"op":"submit","uuid":"224e013d-d11a-4bbd-b049-ff8e61e2dd98","queue":"conc-3776771","to_state":"s"}
{"time":1784868532687774768,"op":"claim","uuid":"60602d53-7388-42e1-8ce9-7eecbebfa326","queue":"conc-3776771","from_state":"s","to_state":"w"}
{"time":1784868532692211825,"op":"claim","uuid":"7ec65414-89dd-4839-930f-ca5e766f1183","queue":"conc-3776771","from_state":"s","to_state":"w"}
{"time":1784868532692222335,"op":"claim","uuid":"050f0999-a792-4d5e-8576-a7ba07fb93e3","queue":"conc-3776771","from_state":"s","to_state":"w"}
{"time":1784868532692232675,"op":"claim","uuid":"5a72656e-d9a6-4260-9b4d-96d9b98f0414","queue":"conc-3776771","from_state":"s","to_state":"w"}
{"time":1784868532692239875,"op":"claim","uuid":"a3ac11de-0676-4554-8e41-56a269f65e4c","queue":"conc-3776771","from_state":"s","to_state":"w"}
{"time":1784868532692247254,"op":"claim","uuid":"ae4edc60-372b-4a51-9cc4-45ede1245ac0","queue":"conc-3776771","from_state":"s","to_state":"w"}
{"time":1784868532692256184,"op":"claim","uuid":"92c85ec1-8ded-471d-8525-32d6c0efe9ce","queue":"conc-3776771","from_state":"s","to_state":"w"}
{"time":1784868532692267834,"op":"claim","uuid":"d38d2ec5-21aa-41b3-9d8d-05b4f8c16143","queue":"conc-3776771","from_state":"s","to_state":"w"}
{"time":1784868532692277664,"op":"claim","uuid":"a2386c34-8b70-49b4-8128-7878fd2caff5","queue":"conc-3776771","from_state":"s","to_state":"w"}
{"time":1784868532692286984,"op":"claim","uuid":"c8e86600-8f87-4a0f-b3f1-983b8a703fc0","queue":"conc-3776771","from_state":"s","to_state":"w"}
{"time":1784868532692299324,"op":"claim","uuid":"f11e2434-cd08-4abc-a792-574a9e4f0eeb","queue":"conc-3776771","from_state":"s","to_state":"w"}
{"time":1784868532692315064,"op":"claim","uuid":"67910387-66a7-46b9-851f-85a8893a9a92","queue":"conc-3776771","from_state":"s","to_state":"w"}
{"time":1784868532692327824,"op":"claim","uuid":"c37e8c6c-4a18-4e28-8ef6-80cb723b97ab","queue":"conc-3776771","from_state":"s","to_state":"w"}
{"time":1784868532692339324,"op":"claim","uuid":"8eb5ba6e-b637-403b-9413-a23d27deeb2b","queue":"conc-3776771","from_state":"s","to_state":"w"}
{"time":1784868532692368494,"op":"claim","uuid":"a46b2230-4806-46e3-8631-cf4b5a6b2901","queue":"conc-3776771","from_state":"s","to_state":"w"}
{"time":1784868532692394443,"op":"claim","uuid":"371ae8af-be98-4738-b531-245a2daa1304","queue":"conc-3776771","from_state":"s","to_state":"w"}
{"time":1784868532692410563,"op":"claim","uuid":"15a56903-a3d1-434a-abe6-51492babb526","queue":"conc-3776771","from_state":"s","to_state":"w"}
{"time":1784868532692420723,"op":"claim","uuid":"7a253d30-8635-462c-af70-59e106c3c4c4","queue":"conc-3776771","from_state":"s","to_state":"w"}
{"time":1784868532692431323,"op":"claim","uuid":"0b9dae97-bdb6-4615-9ce2-1b06bb8d284d","queue":"conc-3776771","from_state":"s","to_state":"w"}
{"time":1784868532692443523,"op":"claim","uuid":"71f19348-a4e7-40c7-a525-9b4b542b8fc7","queue":"conc-3776771","from_state":"s","to_state":"w"}
{"time":1784868532692449963,"op":"claim","uuid":"4e011664-4507-4fc2-b82a-cf362404e8e2","queue":"conc-3776771","from_state":"s","to_state":"w"}
{"time":1784868532692456063,"op":"claim","uuid":"f6218f22-cea3-41f9-8434-b311a1ce87ed","queue":"conc-3776771","from_state":"s","to_state":"w"}
{"time":1784868532692461363,"op":"claim","uuid":"79bf4bbb-3b58-4b27-947e-efcaa5ef1f75","queue":"conc-3776771","from_state":"s","to_state":"w"}
{"time":1784868532692466393,"op":"claim","uuid":"6d8b60b8-cd9d-4785-bea0-b4a3d1309ec9","queue":"conc-3776771","from_state":"s","to_state":"w"}
{"time":1784868532692518002,"op":"claim","uuid":"0cdae7aa-791b-456b-bb25-b70f82593365","queue":"conc-3776771","from_state":"s","to_state":"w"}
{"time":1784868532692524872,"op":"claim","uuid":"7e8ba762-394d-440d-a92e-e0bb7e60e65b","queue":"conc-3776771","from_state":"s","to_state":"w"}
{"time":1784868532692531012,"op":"claim","uuid":"af1d6e71-be64-42da-aa0c-f3a46633c9c1","queue":"conc-3776771","from_state":"s","to_state":"w"}
{"time":1784868532692536552,"op":"claim","uuid":"bc068eea-3bfd-4899-ac40-673cfb1e589b","queue":"conc-3776771","from_state":"s","to_state":"w"}
{"time":1784868532692544672,"op":"claim","uuid":"02bb7072-b632-416a-acb6-1cce8db2c56d","queue":"conc-3776771","from_state":"s","to_state":"w"}
{"time":1784868532692550512,"op":"claim","uuid":"eb19db8d-e2f8-47ac-96ac-30caffd1d0ed","queue":"conc-3776771","from_state":"s","to_state":"w"}
{"time":1784868532692556792,"op":"claim","uuid":"4a5d1ed8-cdc3-43da-9a1f-ccdcb63e5629","queue":"conc-3776771","from_state":"s","to_state":"w"}
{"time":1784868532692562122,"op":"claim","uuid":"58f59e7e-6dfa-42fb-bfa7-5dd834744dfe","queue":"conc-3776771","from_state":"s","to_state":"w"}
{"time":1784868532692568362,"op":"claim","uuid":"d6ee656f-40c1-4a65-a84c-2187ce129c78","queue":"conc-3776771","from_state":"s","to_state":"w"}
{"time":1784868532692574502,"op":"claim","uuid":"a7bd6d52-781a-4062-8421-c2cc40f89bfc","queue":"conc-3776771","from_state":"s","to_state":"w"}
{"time":1784868532692582432,"op":"claim","uuid":"14e33991-68a3-45e8-9095-711a3287e5ac","queue":"conc-3776771","from_state":"s","to_state":"w"}
{"time":1784868532692587762,"op":"claim","uuid":"a43b9530-0d71-409a-b57e-23faa451ab9d","queue":"conc-3776771","from_state":"s","to_state":"w"}
{"time":1784868532692593272,"op":"claim","uuid":"03fdb788-4da6-4546-a31e-2248fa51bbdb","queue":"conc-3776771","from_state":"s","to_state":"w"}
{"time":1784868532692599622,"op":"claim","uuid":"2ab51ba2-6904-40fb-af3a-5cfbecea8ae5","queue":"conc-3776771","from_state":"s","to_state":"w"}
{"time":1784868532692605452,"op":"claim","uuid":"3072cb10-7f4f-42ad-b757-fca5e2cf0dfc","queue":"conc-3776771","from_state":"s","to_state":"w"}
{"time":1784868532692610782,"op":"claim","uuid":"f3e9f7a7-0d9e-4077-8d7d-0bff88e440e6","queue":"conc-3776771","from_state":"s","to_state":"w"}
{"time":1784868532692616382,"op":"claim","uuid":"360b23d5-5695-4232-9a11-590776c5ce09","queue":"conc-3776771","from_state":"s","to_state":"w"}
{"time":1784868532692624872,"op":"claim","uuid":"6eee34dc-8502-4660-9a46-7e1674c400a9","queue":"conc-3776771","from_state":"s","to_state":"w"}
{"time":1784868532692637492,"op":"claim","uuid":"8889be5b-f35c-44f3-b3c7-ca1d88775a6a","queue":"conc-3776771","from_state":"s","to_state":"w"}
{"time":1784868532692646971,"op":"claim","uuid":"6b105604-22df-47d9-8dea-72e6685f1592","queue":"conc-3776771","from_state":"s","to_state":"w"}
{"time":1784868532692655831,"op":"claim","uuid":"595dcb1c-5a1c-4e50-bd96-13d858e82377","queue":"conc-3776771","from_state":"s","to_state":"w"}
{"time":1784868532692664621,"op":"claim","uuid":"00bc31db-c929-4a49-ad2f-14969e7e3b0c","queue":"conc-3776771","from_state":"s","to_state":"w"}
{"time":1784868532692673921,"op":"claim","uuid":"c508db97-d696-46cb-9c45-b65cd041d5d4","queue":"conc-3776771","from_state":"s","to_state":"w"}
{"time":1784868532692682741,"op":"claim","uuid":"316bd1f6-b7bd-4b6a-bf82-4462a83be723","queue":"conc-3776771","from_state":"s","to_state":"w"}
{"time":1784868532692692351,"op":"claim","uuid":"2e043170-907d-4cbe-8581-4cd3b7d3c92b","queue":"conc-3776771","from_state":"s","to_state":"w"}
{"time":1784868532692700931,"op":"claim","uuid":"64db7111-6293-4418-9050-83e23477053d","queue":"conc-3776771","from_state":"s","to_state":"w"}
{"time":1784868532692710251,"op":"claim","uuid":"28bf9c7c-fb15-42a1-9d9d-81b7236f3362","queue":"conc-3776771","from_state":"s","to_state":"w"}
{"time":1784868532692716661,"op":"claim","uuid":"9a91721e-1cf5-4743-930f-a808f5376875","queue":"conc-3776771","from_state":"s","to_state":"w"}
{"time":1784868532692721801,"op":"claim","uuid":"c4f970c6-9946-4d6b-821f-85a91136e842","queue":"conc-3776771","from_state":"s","to_state":"w"}
{"time":1784868532692735121,"op":"claim","uuid":"a98a7c41-43bf-4e86-9e88-8696cc1acfca","queue":"conc-3776771","from_state":"s","to_state":"w"}
{"time":1784868532692745051,"op":"claim","uuid":"9dcc6710-c485-4515-aa9f-eba5fc4a5853","queue":"conc-3776771","from_state":"s","to_state":"w"}
{"time":1784868532692751391,"op":"claim","uuid":"8aba730c-8b9b-4764-ad5f-4c76ea5460f4","queue":"conc-3776771","from_state":"s","to_state":"w"}
{"time":1784868532692760671,"op":"claim","uuid":"dd8afe7c-ce53-47f5-a742-74fc4c56684f","queue":"conc-3776771","from_state":"s","to_state":"w"}
{"time":1784868532692767571,"op":"claim","uuid":"b4252368-83f6-44c7-9df7-33a6a43ad49c","queue":"conc-3776771","from_state":"s","to_state":"w"}
{"time":1784868532692773231,"op":"claim","uuid":"54384a4d-fd85-4d19-9d3a-f91a6d83a012","queue":"conc-3776771","from_state":"s","to_state":"w"}
{"time":1784868532692778851,"op":"claim","uuid":"630ed5ad-2056-45e6-a7e1-aaa2eae14f16","queue":"conc-3776771","from_state":"s","to_state":"w"}
{"time":1784868532692785490,"op":"claim","uuid":"e63979d8-4bbd-4173-af32-2f010488dbbe","queue":"conc-3776771","from_state":"s","to_state":"w"}
{"time":1784868532692790570,"op":"claim","uuid":"6c838410-0e96-4ebf-a6e0-1c03d7316158","queue":"conc-3776771","from_state":"s","to_state":"w"}
{"time":1784868532692795780,"op":"claim","uuid":"6c310eb9-fa7a-4415-b274-bac43aeafcf3","queue":"conc-3776771","from_state":"s","to_state":"w"}
{"time":1784868532692802780,"op":"claim","uuid":"ad0979a6-1e83-4f01-bcfc-a23696ae1f1f","queue":"conc-3776771","from_state":"s","to_state":"w"}
{"time":1784868532692811780,"op":"claim","uuid":"336a1d79-e850-4c45-b300-a6de02f76884","queue":"conc-3776771","from_state":"s","to_state":"w"}
{"time":1784868532692817320,"op":"claim","uuid":"331d499f-2e2c-434b-b5e6-c72999dc9b58","queue":"conc-3776771","from_state":"s","to_state":"w"}
{"time":1784868532692826260,"op":"claim","uuid":"b7221a02-1326-47ba-8d71-54a72ebcf9e8","queue":"conc-3776771","from_state":"s","to_state":"w"}
{"time":1784868532692831760,"op":"claim","uuid":"374e961e-8745-4eee-8b83-95e2374bff29","queue":"conc-3776771","from_state":"s","to_state":"w"}
{"time":1784868532692840040,"op":"claim","uuid":"1d806de7-6f2d-4952-87b3-5b964347d358","queue":"conc-3776771","from_state":"s","to_state":"w"}
{"time":1784868532692848080,"op":"claim","uuid":"85940bf3-33b8-4bca-9cbd-ae049a8fe5ed","queue":"conc-3776771","from_state":"s","to_state":"w"}
{"time":1784868532692853370,"op":"claim","uuid":"a358ddcc-66e5-48d3-aef3-928d5642ea70","queue":"conc-3776771","from_state":"s","to_state":"w"}
{"time":1784868532692858310,"op":"claim","uuid":"1b74f7d4-7ad1-4b84-aeec-b51fbaf8280d","queue":"conc-3776771","from_state":"s","to_state":"w"}
{"time":1784868532692864080,"op":"claim","uuid":"3b42c6f1-8c48-4f95-85a1-672fc20702d5","queue":"conc-3776771","from_state":"s","to_state":"w"}
{"time":1784868532692869400,"op":"claim","uuid":"0c6468ff-0949-479b-97fe-f276dce32ae5","queue":"conc-3776771","from_state":"s","to_state":"w"}
{"time":1784868532692874490,"op":"claim","uuid":"3bce6ba4-f2e4-436d-82ff-dc34b1f69327","queue":"conc-3776771","from_state":"s","to_state":"w"}
{"time":1784868532692879650,"op":"claim","uuid":"b87b3a13-94ec-4f71-88d3-ff010c9ae771","queue":"conc-3776771","from_state":"s","to_state":"w"}
{"time":1784868532692885030,"op":"claim","uuid":"8d7d474f-2002-49da-b812-2c151a3e20dd","queue":"conc-3776771","from_state":"s","to_state":"w"}
{"time":1784868532692890480,"op":"claim","uuid":"e649fab8-edbb-4cf8-9413-2e4c30d53241","queue":"conc-3776771","from_state":"s","to_state":"w"}
{"time":1784868532692896500,"op":"claim","uuid":"92e525ba-3809-49d2-acf4-c034975b02db","queue":"conc-3776771","from_state":"s","to_state":"w"}
{"time":1784868532692902070,"op":"claim","uuid":"4c797150-36d0-4a99-b8f7-ad1c11eb0652","queue":"conc-3776771","from_state":"s","to_state":"w"}
{"time":1784868532692907130,"op":"claim","uuid":"5982a9dc-8ffe-4193-9993-22cd1b7d72b8","queue":"conc-3776771","from_state":"s","to_state":"w"}
{"time":1784868532692928489,"op":"claim","uuid":"92f99b63-3f86-4397-8eb8-8df822b2192f","queue":"conc-3776771","from_state":"s","to_state":"w"}
{"time":1784868532692935709,"op":"claim","uuid":"417bff75-60c0-43dd-8500-414892a619e9","queue":"conc-3776771","from_state":"s","to_state":"w"}
{"time":1784868532692942899,"op":"claim","uuid":"b0ff0b31-7139-47d9-b024-e85591c22df7","queue":"conc-3776771","from_state":"s","to_state":"w"}
{"time":1784868532692949819,"op":"claim","uuid":"7ad45dae-39f0-445f-9ada-96f4994ee9e8","queue":"conc-3776771","from_state":"s","to_state":"w"}
{"time":1784868532692955989,"op":"claim","uuid":"6efae36a-044f-432a-93a3-217926f1889a","queue":"conc-3776771","from_state":"s","to_state":"w"}
{"time":1784868532692962659,"op":"claim","uuid":"3c1d8585-7d7d-4695-b1c3-4788c3e8e317","queue":"conc-3776771","from_state":"s","to_state":"w"}
{"time":1784868532692968909,"op":"claim","uuid":"72f27783-f712-4eb7-a63b-7aeec0038f95","queue":"conc-3776771","from_state":"s","to_state":"w"}
{"time":1784868532692975259,"op":"claim","uuid":"6297d79a-1fd5-46d2-97d9-5498eabea722","queue":"conc-3776771","from_state":"s","to_state":"w"}
{"time":1784868532692982829,"op":"claim","uuid":"57f11c5b-b1eb-44c6-a2e4-650572697e5f","queue":"conc-3776771","from_state":"s","to_state":"w"}
{"time":1784868532692991179,"op":"claim","uuid":"9069fe8f-2a88-4510-ad20-dbba01380da5","queue":"conc-3776771","from_state":"s","to_state":"w"}
{"time":1784868532692998059,"op":"claim","uuid":"b253f477-304c-4e9b-aecd-ae142755cc7b","queue":"conc-3776771","from_state":"s","to_state":"w"}
{"time":1784868532693005049,"op":"claim","uuid":"7219736e-89e8-4168-bc88-1e38d14879ed","queue":"conc-3776771","from_state":"s","to_state":"w"}
{"time":1784868532693012839,"op":"claim","uuid":"265a62d3-4390-4f5c-87f5-f5a4eab1a53c","queue":"conc-3776771","from_state":"s","to_state":"w"}
{"time":1784868532693018979,"op":"claim","uuid":"4f2dace4-fd9e-4431-b6ce-7504db0387b3","queue":"conc-3776771","from_state":"s","to_state":"w"}
{"time":1784868532693026349,"op":"claim","uuid":"22e180d9-421d-4cd6-ad2a-6b83f0e310be","queue":"conc-3776771","from_state":"s","to_state":"w"}
{"time":1784868532693033539,"op":"claim","uuid":"e21453e1-c542-4f39-ba68-894e028d81e6","queue":"conc-3776771","from_state":"s","to_state":"w"}
{"time":1784868532693039329,"op":"claim","uuid":"fc7b9233-9547-4919-b749-1f7d6639df3e","queue":"conc-3776771","from_state":"s","to_state":"w"}
{"time":1784868532693044489,"op":"claim","uuid":"96be207d-add5-4ac9-8e3f-f65d232cefb9","queue":"conc-3776771","from_state":"s","to_state":"w"}
{"time":1784868532693052408,"op":"claim","uuid":"abfe4790-46a2-4728-8b80-4b44d80d65e4","queue":"conc-3776771","from_state":"s","to_state":"w"}
{"time":1784868532693057728,"op":"claim","uuid":"abe9f11e-04ce-4f4b-aab6-3e6fb2741e1d","queue":"conc-3776771","from_state":"s","to_state":"w"}
{"time":1784868532693063168,"op":"claim","uuid":"1129ae26-b7ed-4f2f-b968-e5fc4e88b1ae","queue":"conc-3776771","from_state":"s","to_state":"w"}
{"time":1784868532693068778,"op":"claim","uuid":"0fc694fb-5e8e-4793-94d7-93593259188e","queue":"conc-3776771","from_state":"s","to_state":"w"}
{"time":1784868532693074618,"op":"claim","uuid":"8d986f8f-ab0c-4638-aeab-5dabe5f68aaa","queue":"conc-3776771","from_state":"s","to_state":"w"}
{"time":1784868532693080178,"op":"claim","uuid":"3d7dd798-e564-450a-8a65-8e21a8d3c1a3","queue":"conc-3776771","from_state":"s","to_state":"w"}
{"time":1784868532693085498,"op":"claim","uuid":"eb16b39a-1765-4270-a32b-0ac3b4f50060","queue":"conc-3776771","from_state":"s","to_state":"w"}
{"time":1784868532693090638,"op":"claim","uuid":"b3166263-2f3a-48f5-a930-16b9520a4638","queue":"conc-3776771","from_state":"s","to_state":"w"}
{"time":1784868532693095778,"op":"claim","uuid":"c087c699-387d-4275-8079-e1fa2473d426","queue":"conc-3776771","from_state":"s","to_state":"w"}
{"time":1784868532693101608,"op":"claim","uuid":"6b76c0fe-63fa-4bde-8405-cbd4b3efac04","queue":"conc-3776771","from_state":"s","to_state":"w"}
{"time":1784868532693106598,"op":"claim","uuid":"deab1286-a985-49c3-bb3a-97b8c421fed0","queue":"conc-3776771","from_state":"s","to_state":"w"}
{"time":1784868532693118148,"op":"claim","uuid":"16370c70-6915-40df-b6c3-ee51ea760a63","queue":"conc-3776771","from_state":"s","to_state":"w"}
{"time":1784868532693123728,"op":"claim","uuid":"2257159a-9ac0-4ea6-9ecb-a2d5356b96ae","queue":"conc-3776771","from_state":"s","to_state":"w"}
{"time":1784868532693129078,"op":"claim","uuid":"36273ef3-f4a0-4c26-be4e-d2c00d2036c4","queue":"conc-3776771","from_state":"s","to_state":"w"}
{"time":1784868532693134518,"op":"claim","uuid":"464dcd0f-8708-48ac-8ca6-a0b8d051427f","queue":"conc-3776771","from_state":"s","to_state":"w"}
{"time":1784868532693141168,"op":"claim","uuid":"734a14bf-4694-448c-ba88-a125daeb99a4","queue":"conc-3776771","from_state":"s","to_state":"w"}
{"time":1784868532693146458,"op":"claim","uuid":"8aec5d94-1b1b-459e-b2c8-ba41c160f707","queue":"conc-3776771","from_state":"s","to_state":"w"}
{"time":1784868532693151858,"op":"claim","uuid":"e827d007-6b13-44df-9022-7b43096f9fb4","queue":"conc-3776771","from_state":"s","to_state":"w"}
{"time":1784868532693157728,"op":"claim","uuid":"fc6dc3ff-1874-4575-b757-2642f4a42ae0","queue":"conc-3776771","from_state":"s","to_state":"w"}
{"time":1784868532693162858,"op":"claim","uuid":"e0c3a52f-02c9-43fd-a928-9f59fa2de92a","queue":"conc-3776771","from_state":"s","to_state":"w"}
{"time":1784868532693168688,"op":"claim","uuid":"d3b63146-4d38-4168-9ceb-47d3dbb699c3","queue":"conc-3776771","from_state":"s","to_state":"w"}
{"time":1784868532693174338,"op":"claim","uuid":"d6d4b2ab-910e-4e57-b4de-35b4dd98fd53","queue":"conc-3776771","from_state":"s","to_state":"w"}
{"time":1784868532693179358,"op":"claim","uuid":"b26efeed-06b9-4c68-baad-3182ca04852d","queue":"conc-3776771","from_state":"s","to_state":"w"}
{"time":1784868532693184547,"op":"claim","uuid":"4c42426b-e830-4b85-bafb-56f1317141a8","queue":"conc-3776771","from_state":"s","to_state":"w"}
{"time":1784868532693189557,"op":"claim","uuid":"c62f89ff-e4d6-4d5f-bc44-35f6fbd9ae3b","queue":"conc-3776771","from_state":"s","to_state":"w"}
{"time":1784868532693194427,"op":"claim","uuid":"b6b27bc7-5e3f-4b21-9c2a-de33400b2ad2","queue":"conc-3776771","from_state":"s","to_state":"w"}
{"time":1784868532693199417,"op":"claim","uuid":"a51afe91-f5cd-479b-bad5-5e33392793c3","queue":"conc-3776771","from_state":"s","to_state":"w"}
{"time":1784868532693204757,"op":"claim","uuid":"309c49fa-c764-4528-a3da-8feb4f995383","queue":"conc-3776771","from_state":"s","to_state":"w"}
{"time":1784868532693209687,"op":"claim","uuid":"b7912bad-e96e-48e2-9fc1-d6cde1f8aa14","queue":"conc-3776771","from_state":"s","to_state":"w"}
{"time":1784868532693214397,"op":"claim","uuid":"e9c5e8ee-174b-4534-8690-e0d05e067c58","queue":"conc-3776771","from_state":"s","to_state":"w"}
{"time":1784868532693219457,"op":"claim","uuid":"f9b22b8a-3ae4-401e-a363-c914fa2a8d09","queue":"conc-3776771","from_state":"s","to_state":"w"}
{"time":1784868532693225167,"op":"claim","uuid":"1f17efec-a17d-45cd-924a-e2e6d103cd3f","queue":"conc-3776771","from_state":"s","to_state":"w"}
{"time":1784868532693230567,"op":"claim","uuid":"03050c82-2189-41ba-9830-bbd0c78f7a45","queue":"conc-3776771","from_state":"s","to_state":"w"}
{"time":1784868532693237167,"op":"claim","uuid":"01dbb62d-13a0-4256-82d1-b6dc36c8edc5","queue":"conc-3776771","from_state":"s","to_state":"w"}
{"time":1784868532693242457,"op":"claim","uuid":"81003412-c880-49ca-b166-4b6fa6610965","queue":"conc-3776771","from_state":"s","to_state":"w"}
{"time":1784868532693247997,"op":"claim","uuid":"676d661f-45ad-4d4d-b974-4bd9411bd0e6","queue":"conc-3776771","from_state":"s","to_state":"w"}
{"time":1784868532693253597,"op":"claim","uuid":"ba0a1781-1551-4a49-8213-7f9e1b6961a2","queue":"conc-3776771","from_state":"s","to_state":"w"}
{"time":1784868532693258587,"op":"claim","uuid":"e0714314-a2b7-4b09-aa10-ee5b8fbaef56","queue":"conc-3776771","from_state":"s","to_state":"w"}
{"time":1784868532693263697,"op":"claim","uuid":"2ad63fd6-c529-4ca0-aff1-8a9a7238862f","queue":"conc-3776771","from_state":"s","to_state":"w"}
{"time":1784868532693274637,"op":"claim","uuid":"de887ee1-93ea-4663-a7cc-58a1b1f8004f","queue":"conc-3776771","from_state":"s","to_state":"w"}
{"time":1784868532693280337,"op":"claim","uuid":"22eaaeca-8baa-40e2-815f-3ef003513988","queue":"conc-3776771","from_state":"s","to_state":"w"}
{"time":1784868532693285577,"op":"claim","uuid":"7ff37e19-5714-407e-967d-86f6204aeb78","queue":"conc-3776771","from_state":"s","to_state":"w"}
{"time":1784868532693290907,"op":"claim","uuid":"d30249d3-ccd0-4298-9fdd-109d804838e0","queue":"conc-3776771","from_state":"s","to_state":"w"}
{"time":1784868532693296097,"op":"claim","uuid":"08b70ff8-74a3-48c8-b035-a70ba7ec1227","queue":"conc-3776771","from_state":"s","to_state":"w"}
{"time":1784868532693320026,"op":"claim","uuid":"64836062-d9df-4eec-9d67-e0edce68ec6f","queue":"conc-3776771","from_state":"s","to_state":"w"}
{"time":1784868532693350996,"op":"claim","uuid":"a5a6a409-69a7-4591-86a7-dabcf3a2980e","queue":"conc-3776771","from_state":"s","to_state":"w"}
{"time":1784868532693359486,"op":"claim","uuid":"9138d969-9fa9-401f-8d86-384fc86b86d5","queue":"conc-3776771","from_state":"s","to_state":"w"}
{"time":1784868532693367066,"op":"claim","uuid":"9b7646e2-bd51-4362-9f9a-99e163c0bdf0","queue":"conc-3776771","from_state":"s","to_state":"w"}
{"time":1784868532693373186,"op":"claim","uuid":"6a745ec2-823d-4091-984b-4485193a3af5","queue":"conc-3776771","from_state":"s","to_state":"w"}
{"time":1784868532693379796,"op":"claim","uuid":"e947b2d9-ba7c-498d-9c94-0e646dca094e","queue":"conc-3776771","from_state":"s","to_state":"w"}
{"time":1784868532693385546,"op":"claim","uuid":"5c242427-fc4d-4748-b67e-b5376f6994c3","queue":"conc-3776771","from_state":"s","to_state":"w"}
{"time":1784868532693397186,"op":"claim","uuid":"0c51b8dc-f261-4f67-9e17-205738c1755f","queue":"conc-3776771","from_state":"s","to_state":"w"}
{"time":1784868532693403246,"op":"claim","uuid":"c42c76b6-ccb1-4bbe-8aa0-2bba3cfa2d97","queue":"conc-3776771","from_state":"s","to_state":"w"}
{"time":1784868532693408486,"op":"claim","uuid":"e164c20e-225b-4f38-85e4-eb47832ccff7","queue":"conc-3776771","from_state":"s","to_state":"w"}
{"time":1784868532693414436,"op":"claim","uuid":"c8bb7653-e82f-49d5-94c5-f70e851ee198","queue":"conc-3776771","from_state":"s","to_state":"w"}
{"time":1784868532693419776,"op":"claim","uuid":"168c94c8-8440-46c9-ba44-377761f3329d","queue":"conc-3776771","from_state":"s","to_state":"w"}
{"time":1784868532693425576,"op":"claim","uuid":"8779f554-2007-42e7-97b7-3b548c728414","queue":"conc-3776771","from_state":"s","to_state":"w"}
{"time":1784868532693431886,"op":"claim","uuid":"0c207d0d-4829-4eea-9e01-f8f0acaea4f1","queue":"conc-3776771","from_state":"s","to_state":"w"}
{"time":1784868532693438126,"op":"claim","uuid":"723abe0d-ee67-44e5-a465-a2707e12505a","queue":"conc-3776771","from_state":"s","to_state":"w"}
{"time":1784868532693443816,"op":"claim","uuid":"7c5b8e86-1a04-4b8f-b667-9f8a222c0815","queue":"conc-3776771","from_state":"s","to_state":"w"}
{"time":1784868532693449446,"op":"claim","uuid":"46cccae2-b5c2-4e4b-8dcc-719513b63acc","queue":"conc-3776771","from_state":"s","to_state":"w"}
{"time":1784868532693454625,"op":"claim","uuid":"6d2aea0b-d025-4b24-8442-8b4fb03c9d6e","queue":"conc-3776771","from_state":"s","to_state":"w"}
{"time":1784868532693459745,"op":"claim","uuid":"7e134c83-2d75-4989-b643-d9fe4127ecda","queue":"conc-3776771","from_state":"s","to_state":"w"}
{"time":1784868532693465655,"op":"claim","uuid":"c1563659-a41c-4c39-858b-f206c719f0f4","queue":"conc-3776771","from_state":"s","to_state":"w"}
{"time":1784868532693471345,"op":"claim","uuid":"09cd1031-7199-4964-82b1-e15f12b0e8d6","queue":"conc-3776771","from_state":"s","to_state":"w"}
{"time":1784868532693477285,"op":"claim","uuid":"b0416654-f470-45c0-a105-a7454ceea2c6","queue":"conc-3776771","from_state":"s","to_state":"w"}
{"time":1784868532693484035,"op":"claim","uuid":"8ac62533-2587-4da0-b9e4-d0ecef09cc46","queue":"conc-3776771","from_state":"s","to_state":"w"}
{"time":1784868532693489645,"op":"claim","uuid":"65577c67-009e-4be0-88a7-f2953f3b1a02","queue":"conc-3776771","from_state":"s","to_state":"w"}
{"time":1784868532693508655,"op":"claim","uuid":"f6db068f-8ec9-491f-ad6a-2aa3a5bfe825","queue":"conc-3776771","from_state":"s","to_state":"w"}
{"time":1784868532693515355,"op":"claim","uuid":"23a761e5-0ed7-4a9c-87f7-e0f32a80bd53","queue":"conc-3776771","from_state":"s","to_state":"w"}
{"time":1784868532693521235,"op":"claim","uuid":"d81284d2-b392-4510-923d-ee93de649720","queue":"conc-3776771","from_state":"s","to_state":"w"}
{"time":1784868532693527075,"op":"claim","uuid":"738b3c5e-a2e9-4059-83f6-ad2e4ab67ab1","queue":"conc-3776771","from_state":"s","to_state":"w"}
{"time":1784868532693533625,"op":"claim","uuid":"5e95076b-fbe4-4ef5-b660-88e33783dce0","queue":"conc-3776771","from_state":"s","to_state":"w"}
{"time":1784868532693539635,"op":"claim","uuid":"ae2fc1c8-9b0f-4cc1-8e55-6ae46cf186e6","queue":"conc-3776771","from_state":"s","to_state":"w"}
{"time":1784868532693545165,"op":"claim","uuid":"e1d6bc88-90eb-47ab-9130-276abdde9c8a","queue":"conc-3776771","from_state":"s","to_state":"w"}
{"time":1784868532693551135,"op":"claim","uuid":"7428a1e1-79d2-403f-b909-fd7e7df12072","queue":"conc-3776771","from_state":"s","to_state":"w"}
{"time":1784868532693556535,"op":"claim","uuid":"24138658-1ad9-4d74-971f-90f418ab5e8d","queue":"conc-3776771","from_state":"s","to_state":"w"}
{"time":1784868532693562345,"op":"claim","uuid":"40a829cb-42c4-4c0d-9cb6-23bcf8cc064b","queue":"conc-3776771","from_state":"s","to_state":"w"}
{"time":1784868532693568635,"op":"claim","uuid":"cbc9f7fe-cde4-4947-974b-b0e58b56a840","queue":"conc-3776771","from_state":"s","to_state":"w"}
{"time":1784868532693574385,"op":"claim","uuid":"86e87417-2b1f-47a3-b117-315d263a4b27","queue":"conc-3776771","from_state":"s","to_state":"w"}
{"time":1784868532693579765,"op":"claim","uuid":"7292bc1d-3a7a-4d9f-9948-633adb1e7f13","queue":"conc-3776771","from_state":"s","to_state":"w"}
{"time":1784868532693585495,"op":"claim","uuid":"f8d1ed24-e957-49f3-b320-691eff84a05e","queue":"conc-3776771","from_state":"s","to_state":"w"}
{"time":1784868532693591254,"op":"claim","uuid":"9ca42433-68b4-49aa-936e-54446b91c1f4","queue":"conc-3776771","from_state":"s","to_state":"w"}
{"time":1784868532693596944,"op":"claim","uuid":"9bf51c87-6ecd-49f2-8db2-49916dc83031","queue":"conc-3776771","from_state":"s","to_state":"w"}
{"time":1784868532693602234,"op":"claim","uuid":"80066cca-2e74-4fc3-bc6c-9f80c561ee63","queue":"conc-3776771","from_state":"s","to_state":"w"}
{"time":1784868532693607494,"op":"claim","uuid":"d2585d55-0a74-40dc-8b48-ee302ef33594","queue":"conc-3776771","from_state":"s","to_state":"w"}
{"time":1784868532693612794,"op":"claim","uuid":"7214c52f-757e-4edb-b90a-d8faf83c3636","queue":"conc-3776771","from_state":"s","to_state":"w"}
{"time":1784868532693618984,"op":"claim","uuid":"27f48f19-51ff-40de-b5bb-7b2aa89d3a46","queue":"conc-3776771","from_state":"s","to_state":"w"}
{"time":1784868532693624674,"op":"claim","uuid":"2fc8ca39-ff7b-4038-b924-18f111676971","queue":"conc-3776771","from_state":"s","to_state":"w"}
{"time":1784868532693630134,"op":"claim","uuid":"1ac84913-2241-49d8-975b-f5441b0c0a40","queue":"conc-3776771","from_state":"s","to_state":"w"}
{"time":1784868532693635334,"op":"claim","uuid":"9886657e-4a92-46f6-985c-0af5df491c77","queue":"conc-3776771","from_state":"s","to_state":"w"}
{"time":1784868532693640684,"op":"claim","uuid":"c19adad2-48ae-4e22-aa76-9f80c2e21b23","queue":"conc-3776771","from_state":"s","to_state":"w"}
{"time":1784868532693645754,"op":"claim","uuid":"3f7c26df-4007-486f-b2bf-16a6d22cf73a","queue":"conc-3776771","from_state":"s","to_state":"w"}
{"time":1784868532693652384,"op":"claim","uuid":"071018e0-32a7-4519-a291-3ca433edf122","queue":"conc-3776771","from_state":"s","to_state":"w"}
{"time":1784868532693658184,"op":"claim","uuid":"c4b9adb6-27a1-468a-bb6c-e0f2955a3b9a","queue":"conc-3776771","from_state":"s","to_state":"w"}
{"time":1784868532693663544,"op":"claim","uuid":"bb62aa32-8235-4bc2-8ea7-28a74c5ddb65","queue":"conc-3776771","from_state":"s","to_state":"w"}
{"time":1784868532693668744,"op":"claim","uuid":"72990efe-1121-4238-b5d4-8152f51f0b49","queue":"conc-3776771","from_state":"s","to_state":"w"}
{"time":1784868532693679924,"op":"claim","uuid":"f3a02609-3014-4bd4-af33-7721dc5aee8d","queue":"conc-3776771","from_state":"s","to_state":"w"}
{"time":1784868532693685694,"op":"claim","uuid":"55c01cf5-3df3-4a2a-8de0-1bfd2f2b6fe7","queue":"conc-3776771","from_state":"s","to_state":"w"}
{"time":1784868532693692014,"op":"claim","uuid":"21992b75-586a-41b9-afa9-be1c799343e0","queue":"conc-3776771","from_state":"s","to_state":"w"}
{"time":1784868532693697664,"op":"claim","uuid":"65c6057d-471f-4a71-b520-ab4c3d1725a4","queue":"conc-3776771","from_state":"s","to_state":"w"}
{"time":1784868532693703654,"op":"claim","uuid":"a74c67d5-894e-4216-9330-318b8be471ae","queue":"conc-3776771","from_state":"s","to_state":"w"}
{"time":1784868532693709704,"op":"claim","uuid":"9690c3c9-1212-478e-b406-374cf4977694","queue":"conc-3776771","from_state":"s","to_state":"w"}
{"time":1784868532693715294,"op":"claim","uuid":"3a7a74ce-af8a-4204-94a4-53f683d980a2","queue":"conc-3776771","from_state":"s","to_state":"w"}
{"time":1784868532693721983,"op":"claim","uuid":"ab8b740f-37e2-4ec9-854b-a61cd49da749","queue":"conc-3776771","from_state":"s","to_state":"w"}
{"time":1784868532693728023,"op":"claim","uuid":"d6de51f7-cf71-4226-a9e7-cbbbe93af958","queue":"conc-3776771","from_state":"s","to_state":"w"}
{"time":1784868532693734023,"op":"claim","uuid":"d6bbde05-60d7-4842-9a05-9925e672ce06","queue":"conc-3776771","from_state":"s","to_state":"w"}
{"time":1784868532693739513,"op":"claim","uuid":"315cf4d3-a474-4d43-b7ee-3b9aca1a1b29","queue":"conc-3776771","from_state":"s","to_state":"w"}
{"time":1784868532693744933,"op":"claim","uuid":"9dcb1469-8f68-45b6-a7c1-ae2fe4b53bb9","queue":"conc-3776771","from_state":"s","to_state":"w"}
{"time":1784868532693750613,"op":"claim","uuid":"145d7770-0731-4f2c-a2fb-edc7faa629c1","queue":"conc-3776771","from_state":"s","to_state":"w"}
{"time":1784868532693756083,"op":"claim","uuid":"ca662cf8-360b-4451-b0de-6ef4cf1d747c","queue":"conc-3776771","from_state":"s","to_state":"w"}
{"time":1784868532693762353,"op":"claim","uuid":"1184f708-ec7f-4746-9cc0-17894cd3fe21","queue":"conc-3776771","from_state":"s","to_state":"w"}
{"time":1784868532693769103,"op":"claim","uuid":"3d46d44f-abc0-4688-86fd-ec547db81a0a","queue":"conc-3776771","from_state":"s","to_state":"w"}
{"time":1784868532693774933,"op":"claim","uuid":"615df84b-3ba1-41da-b488-73ead9266ff6","queue":"conc-3776771","from_state":"s","to_state":"w"}
{"time":1784868532693783873,"op":"claim","uuid":"fac6e9a0-0468-4ffe-97cd-10d07b560c3b","queue":"conc-3776771","from_state":"s","to_state":"w"}
{"time":1784868532693790973,"op":"claim","uuid":"46580721-3388-4637-aedd-2ebb78ec3b7c","queue":"conc-3776771","from_state":"s","to_state":"w"}
{"time":1784868532693800423,"op":"claim","uuid":"7b3b2948-e172-48e5-8cf6-3bf9edb1740f","queue":"conc-3776771","from_state":"s","to_state":"w"}
{"time":1784868532693810743,"op":"claim","uuid":"7dffa8f2-694d-4adc-a0e8-1c7ef39e82e2","queue":"conc-3776771","from_state":"s","to_state":"w"}
{"time":1784868532693821103,"op":"claim","uuid":"5777b666-e291-441c-a31d-d41de21c5c1d","queue":"conc-3776771","from_state":"s","to_state":"w"}
{"time":1784868532693831553,"op":"claim","uuid":"bb47059e-96df-4dce-98c4-c8c6a6feb9f9","queue":"conc-3776771","from_state":"s","to_state":"w"}
{"time":1784868532693841023,"op":"claim","uuid":"2b5e0f09-6bff-402b-9c75-ab81bc7f5172","queue":"conc-3776771","from_state":"s","to_state":"w"}
{"time":1784868532693850453,"op":"claim","uuid":"a06f04f6-3ae6-4939-9487-2da5b35ecfc5","queue":"conc-3776771","from_state":"s","to_state":"w"}
{"time":1784868532693860042,"op":"claim","uuid":"b93fa9ba-c7f4-459f-9095-273eb6802965","queue":"conc-3776771","from_state":"s","to_state":"w"}
{"time":1784868532693870782,"op":"claim","uuid":"e5ac6515-f86e-4d52-bfea-cb331241ca07","queue":"conc-3776771","from_state":"s","to_state":"w"}
{"time":1784868532693880272,"op":"claim","uuid":"287484e3-0348-453f-97c5-f5ee5e8f85a0","queue":"conc-3776771","from_state":"s","to_state":"w"}
{"time":1784868532693897672,"op":"claim","uuid":"be4f9372-43b7-498e-8f30-e89faf5b0209","queue":"conc-3776771","from_state":"s","to_state":"w"}
{"time":1784868532693907492,"op":"claim","uuid":"5c6179dc-1eac-4114-b97b-aaea45be0b7c","queue":"conc-3776771","from_state":"s","to_state":"w"}
{"time":1784868532693916882,"op":"claim","uuid":"7915a065-09b1-41a8-9867-296babb85777","queue":"conc-3776771","from_state":"s","to_state":"w"}
{"time":1784868532693926252,"op":"claim","uuid":"180cc4ec-28c9-4ef5-aa50-92bebfe4d05b","queue":"conc-3776771","from_state":"s","to_state":"w"}
{"time":1784868532693937172,"op":"claim","uuid":"02a1351e-effa-4a78-9e75-0389f465c11d","queue":"conc-3776771","from_state":"s","to_state":"w"}
{"time":1784868532693946652,"op":"claim","uuid":"cb2b5298-f69e-4906-bc81-d99a63c0a419","queue":"conc-3776771","from_state":"s","to_state":"w"}
{"time":1784868532693956362,"op":"claim","uuid":"3bd64a13-5f53-437d-93ad-d8b3fa615e2f","queue":"conc-3776771","from_state":"s","to_state":"w"}
{"time":1784868532693966602,"op":"claim","uuid":"b058a32b-10f3-477a-afc1-2e61869230e1","queue":"conc-3776771","from_state":"s","to_state":"w"}
{"time":1784868532693976432,"op":"claim","uuid":"7598c769-48ee-4e4d-a74d-365d151a6d5e","queue":"conc-3776771","from_state":"s","to_state":"w"}
{"time":1784868532693986342,"op":"claim","uuid":"ed8d0eb7-0ed6-4711-8dd5-aa483c4a2858","queue":"conc-3776771","from_state":"s","to_state":"w"}
{"time":1784868532693997121,"op":"claim","uuid":"084d41d8-0e5d-4064-9791-2c3d7724d80b","queue":"conc-3776771","from_state":"s","to_state":"w"}
{"time":1784868532694006651,"op":"claim","uuid":"c2e6106a-636c-422d-86b4-49bbd4543697","queue":"conc-3776771","from_state":"s","to_state":"w"}
{"time":1784868532694015981,"op":"claim","uuid":"29ceb4b3-de5f-4760-b361-4f11da5c9453","queue":"conc-3776771","from_state":"s","to_state":"w"}
{"time":1784868532694025501,"op":"claim","uuid":"8aadaa8e-f2b1-4484-898d-8c82939818da","queue":"conc-3776771","from_state":"s","to_state":"w"}
{"time":1784868532694034611,"op":"claim","uuid":"33ac921f-f615-4e7d-9006-d77bec924886","queue":"conc-3776771","from_state":"s","to_state":"w"}
{"time":1784868532694044271,"op":"claim","uuid":"a0f28fda-e60f-4c20-b8ec-ae5a5774f0d8","queue":"conc-3776771","from_state":"s","to_state":"w"}
{"time":1784868532694054801,"op":"claim","uuid":"8d40ecd2-537e-4160-bae9-77ebd27df60d","queue":"conc-3776771","from_state":"s","to_state":"w"}
{"time":1784868532694064081,"op":"claim","uuid":"567fe780-d609-4a78-b8a3-959310dc6fe9","queue":"conc-3776771","from_state":"s","to_state":"w"}
{"time":1784868532694073381,"op":"claim","uuid":"8b6ffdaf-e727-4e9e-935d-a2e64a0bcd98","queue":"conc-3776771","from_state":"s","to_state":"w"}
{"time":1784868532694082761,"op":"claim","uuid":"95976fd8-760d-4a85-b077-1c84cec7d77b","queue":"conc-3776771","from_state":"s","to_state":"w"}
{"time":1784868532694092151,"op":"claim","uuid":"72d7f02a-7a2a-405c-80f0-ff469eeb82eb","queue":"conc-3776771","from_state":"s","to_state":"w"}
{"time":1784868532694101251,"op":"claim","uuid":"6cf3ea3e-475a-4fcb-ac65-5f06ead4f00b","queue":"conc-3776771","from_state":"s","to_state":"w"}
{"time":1784868532694111491,"op":"claim","uuid":"f9b19629-7b23-48ba-b970-645e80e77653","queue":"conc-3776771","from_state":"s","to_state":"w"}
{"time":1784868532694121211,"op":"claim","uuid":"ae648557-6256-4f57-b3e2-71088fbee10b","queue":"conc-3776771","from_state":"s","to_state":"w"}
{"time":1784868532694131140,"op":"claim","uuid":"4b4d6ad7-b7d8-4a2f-a2cb-6e987c13c63f","queue":"conc-3776771","from_state":"s","to_state":"w"}
{"time":1784868532694140110,"op":"claim","uuid":"9d994c91-77ec-4eaf-90a9-1cbce0152b58","queue":"conc-3776771","from_state":"s","to_state":"w"}
{"time":1784868532694149570,"op":"claim","uuid":"b7f1b4a1-163f-4a9f-8661-4fdfdb85996a","queue":"conc-3776771","from_state":"s","to_state":"w"}
{"time":1784868532694158710,"op":"claim","uuid":"1d3bd932-3a0a-46e2-a4e9-4200f6efaa2a","queue":"conc-3776771","from_state":"s","to_state":"w"}
{"time":1784868532694168480,"op":"claim","uuid":"fe50cecf-ac75-4aad-a7d2-a396005f297d","queue":"conc-3776771","from_state":"s","to_state":"w"}
{"time":1784868532694185830,"op":"claim","uuid":"9e252e50-8881-413e-a1c6-5eb669d42429","queue":"conc-3776771","from_state":"s","to_state":"w"}
{"time":1784868532694195500,"op":"claim","uuid":"ab750c7a-615f-420a-9f1a-1fef5d6bf994","queue":"conc-3776771","from_state":"s","to_state":"w"}
{"time":1784868532694204840,"op":"claim","uuid":"5a5c0338-3b76-4415-84d6-55fc09382724","queue":"conc-3776771","from_state":"s","to_state":"w"}
{"time":1784868532708266186,"op":"claim","uuid":"3741a601-3c02-4a0f-b3e6-72d63070dfed","queue":"conc-3776771","from_state":"s","to_state":"w"}
{"time":1784868532712391456,"op":"claim","uuid":"018f51d6-7fc0-499a-a1bc-92a369bd60df","queue":"conc-3776771","from_state":"s","to_state":"w"}
{"time":1784868532712400775,"op":"claim","uuid":"03d75aed-f6f0-4b32-90df-1cf6bfa44a3d","queue":"conc-3776771","from_state":"s","to_state":"w"}
{"time":1784868532712412615,"op":"claim","uuid":"13fa261d-c843-4e8b-854b-55b6dc3abd75","queue":"conc-3776771","from_state":"s","to_state":"w"}
{"time":1784868532712419905,"op":"claim","uuid":"4510f663-128f-4c49-b269-44396470abd5","queue":"conc-3776771","from_state":"s","to_state":"w"}
{"time":1784868532712425905,"op":"claim","uuid":"4ad7ca3b-bb7f-4ec7-8bb7-aeaa0ad3a16e","queue":"conc-3776771","from_state":"s","to_state":"w"}
{"time":1784868532712431975,"op":"claim","uuid":"111481c2-44b2-415c-940a-5e010b6e0f29","queue":"conc-3776771","from_state":"s","to_state":"w"}
{"time":1784868532712438465,"op":"claim","uuid":"29b63e7b-2f68-450c-b544-960820d460aa","queue":"conc-3776771","from_state":"s","to_state":"w"}
{"time":1784868532712446205,"op":"claim","uuid":"8f9b11ca-b801-41c3-8f6d-d34866c11eb4","queue":"conc-3776771","from_state":"s","to_state":"w"}
{"time":1784868532712452995,"op":"claim","uuid":"224e013d-d11a-4bbd-b049-ff8e61e2dd98","queue":"conc-3776771","from_state":"s","to_state":"w"}
{"time":1784868532712459305,"op":"claim","uuid":"8dd331f9-2905-41ae-bb6e-9abef7b364bd","queue":"conc-3776771","from_state":"s","to_state":"w"}
{"time":1784868532712465805,"op":"claim","uuid":"7adb12e9-405d-4721-9026-c351b1c71da3","queue":"conc-3776771","from_state":"s","to_state":"w"}
{"time":1784868532712471935,"op":"claim","uuid":"2c4d91f7-4618-49c1-8477-67ce0ef3e0cb","queue":"conc-3776771","from_state":"s","to_state":"w"}
{"time":1784868532712477605,"op":"claim","uuid":"2ae67698-658d-4416-8909-f387b8ae4047","queue":"conc-3776771","from_state":"s","to_state":"w"}
{"time":1784868532712485565,"op":"claim","uuid":"a7e4481e-7648-44ec-8396-bb1349bb1b5e","queue":"conc-3776771","from_state":"s","to_state":"w"}
{"time":1784868532712492075,"op":"claim","uuid":"3c5faa0a-bf22-4c7c-9836-fbda3af3f80f","queue":"conc-3776771","from_state":"s","to_state":"w"}
{"time":1784868532712499745,"op":"claim","uuid":"4c0e1b9e-12ef-409f-a7cc-5e291101f984","queue":"conc-3776771","from_state":"s","to_state":"w"}
{"time":1784868532712507175,"op":"claim","uuid":"abe2faf1-d91d-401f-ba37-2fa13b21a09c","queue":"conc-3776771","from_state":"s","to_state":"w"}
{"time":1784868532712513405,"op":"claim","uuid":"1a1b67ab-fd3e-4ea2-9fe3-253cfbd99a68","queue":"conc-3776771","from_state":"s","to_state":"w"}
{"time":1784868532712519485,"op":"claim","uuid":"0f423207-91a9-4c28-afae-0d67f99e67e4","queue":"conc-3776771","from_state":"s","to_state":"w"}
{"time":1784868532712525895,"op":"claim","uuid":"4255d826-549c-4958-9992-cfc9e47a7279","queue":"conc-3776771","from_state":"s","to_state":"w"}
{"time":1784868532712532754,"op":"claim","uuid":"f3ad1380-84ce-45fa-ae7b-eb7259b53772","queue":"conc-3776771","from_state":"s","to_state":"w"}
{"time":1784868532712539434,"op":"claim","uuid":"6d52f10a-b974-4f11-8266-1c7108e0245d","queue":"conc-3776771","from_state":"s","to_state":"w"}
{"time":1784868532712545474,"op":"claim","uuid":"8916be96-c4fc-4132-b736-7d28831bb4ba","queue":"conc-3776771","from_state":"s","to_state":"w"}
{"time":1784868532712551234,"op":"claim","uuid":"a864e3a9-f686-4230-8acd-cc97ac455f71","queue":"conc-3776771","from_state":"s","to_state":"w"}
{"time":1784868532712557084{"time":1784868600935743253,"op":"submit","uuid":"905df75c-292a-4a72-aa7b-2b02eecd5e71","queue":"conc-3789589","to_state":"s"}
{"time":1784868600935806803,"op":"submit","uuid":"d7f0d0d8-d1c8-4a26-9f08-70814e7c3295","queue":"conc-3789589","to_state":"s"}
{"time":1784868600935734553,"op":"submit","uuid":"0f613859-461a-4be8-8586-546e0fbb0777","queue":"conc-3789589","to_state":"s"}
{"time":1784868600947701316,"op":"submit","uuid":"bafba8e6-862c-4fc3-b86c-04b6a6be4e95","queue":"conc-3789589","to_state":"s"}
{"time":1784868600947719036,"op":"submit","uuid":"7cf664c9-a57c-4914-9c9e-3004ea75fbb0","queue":"conc-3789589","to_state":"s"}
{"time":1784868600947709986,"op":"submit","uuid":"5f710397-9d1e-451d-bb1b-14262c11bb06","queue":"conc-3789589","to_state":"s"}
{"time":1784868600947733085,"op":"submit","uuid":"70fad6e7-2aaa-4ad4-8219-76de6ef55917","queue":"conc-3789589","to_state":"s"}
{"time":1784868600947740565,"op":"submit","uuid":"03d4bb2c-2c85-4eff-a2b0-6001fc392cc5","queue":"conc-3789589","to_state":"s"}
{"time":1784868600947747675,"op":"submit","uuid":"46dc32af-3bc9-4fba-ae3e-e6a94867a691","queue":"conc-3789589","to_state":"s"}
{"time":1784868600947727256,"op":"submit","uuid":"674ba74b-3f48-4363-a572-641292291f20","queue":"conc-3789589","to_state":"s"}
{"time":1784868600947754005,"op":"submit","uuid":"30b438e5-f2ba-4f2b-9565-421c724c7f28","queue":"conc-3789589","to_state":"s"}
{"time":1784868600947760285,"op":"submit","uuid":"e932b999-7668-4711-9e8a-3d84bec903ef","queue":"conc-3789589","to_state":"s"}
{"time":1784868600947734965,"op":"submit","uuid":"45b0e520-67af-41b3-94af-23ff87d5e448","queue":"conc-3789589","to_state":"s"}
{"time":1784868600947764405,"op":"submit","uuid":"5076a7b4-ca99-4b66-a835-e92acd97779e","queue":"conc-3789589","to_state":"s"}
{"time":1784868600947744275,"op":"submit","uuid":"170e06a8-4d10-4042-9ac0-c3ba6082a66a","queue":"conc-3789589","to_state":"s"}
{"time":1784868600947766875,"op":"submit","uuid":"cda4fa3a-07a0-4214-8167-e0c388ae4ce1","queue":"conc-3789589","to_state":"s"}
{"time":1784868600947771205,"op":"submit","uuid":"51ad98fc-3b27-4156-8f32-97762d1b0fdc","queue":"conc-3789589","to_state":"s"}
{"time":1784868600947772445,"op":"submit","uuid":"be023f11-fee8-48dc-97f4-f119530b052c","queue":"conc-3789589","to_state":"s"}
{"time":1784868600947773945,"op":"submit","uuid":"6acef0b9-a137-45e3-8174-fdaf8e0db805","queue":"conc-3789589","to_state":"s"}
{"time":1784868600947776875,"op":"submit","uuid":"a49f7cdd-8d19-4e74-ab72-31dd092260f7","queue":"conc-3789589","to_state":"s"}
{"time":1784868600947777235,"op":"submit","uuid":"801d6a00-eb08-4457-a9a1-9a0e8317846c","queue":"conc-3789589","to_state":"s"}
{"time":1784868600947778765,"op":"submit","uuid":"a6a51f60-056d-45e5-92da-a112f8204553","queue":"conc-3789589","to_state":"s"}
{"time":1784868600947781795,"op":"submit","uuid":"3cbc8f5c-baf7-4696-8514-ad394cd7836f","queue":"conc-3789589","to_state":"s"}
{"time":1784868600947782425,"op":"submit","uuid":"940a0fff-11fe-4933-ba3f-ca2e0567f76b","queue":"conc-3789589","to_state":"s"}
{"time":1784868600947783175,"op":"submit","uuid":"ad4653c1-eba7-4768-b9ab-fbeed83c182f","queue":"conc-3789589","to_state":"s"}
{"time":1784868600947786705,"op":"submit","uuid":"654f66b9-1961-400f-be74-c49593801613","queue":"conc-3789589","to_state":"s"}
{"time":1784868600947786855,"op":"submit","uuid":"2ee6c0a5-10b0-4511-a073-18c4f2f2c50b","queue":"conc-3789589","to_state":"s"}
{"time":1784868600947787555,"op":"submit","uuid":"65163d8d-6402-4e9f-a85f-6fa14d0ecc72","queue":"conc-3789589","to_state":"s"}
{"time":1784868600947788635,"op":"submit","uuid":"aa978e24-ff47-40b9-a75f-cb5706e19d92","queue":"conc-3789589","to_state":"s"}
{"time":1784868600947790425,"op":"submit","uuid":"89a565cc-1e27-4383-88c4-ceb1b9c0092b","queue":"conc-3789589","to_state":"s"}
{"time":1784868600947791305,"op":"submit","uuid":"ab597605-414a-41f4-93d5-d8e2edb047da","queue":"conc-3789589","to_state":"s"}
{"time":1784868600947791875,"op":"submit","uuid":"a81acd38-0e8b-4845-b7cf-26aa92f007ee","queue":"conc-3789589","to_state":"s"}
{"time":1784868600947793475,"op":"submit","uuid":"605de357-7740-4510-bf0d-cafcd37f0b41","queue":"conc-3789589","to_state":"s"}
{"time":1784868600947810665,"op":"submit","uuid":"b8d32f26-838b-4d58-ba08-3bd2aafad390","queue":"conc-3789589","to_state":"s"}
{"time":1784868600947812625,"op":"submit","uuid":"61ff8355-5d0b-480d-b907-a9be2c690eb7","queue":"conc-3789589","to_state":"s"}
{"time":1784868600947813165,"op":"submit","uuid":"d16b5257-0b28-4157-b3c7-556ad11af2f9","queue":"conc-3789589","to_state":"s"}
{"time":1784868600947795105,"op":"submit","uuid":"f38965cf-f66a-4da5-9668-134f6f41e30f","queue":"conc-3789589","to_state":"s"}
{"time":1784868600947816905,"op":"submit","uuid":"45daefd5-2801-4022-a5d9-e7e5d6fb7688","queue":"conc-3789589","to_state":"s"}
{"time":1784868600947818185,"op":"submit","uuid":"2fbe94bf-4b5c-4fe0-aa84-e1d2b21f5066","queue":"conc-3789589","to_state":"s"}
{"time":1784868600947819495,"op":"submit","uuid":"087abab9-1acd-488d-b085-f78eda2982f0","queue":"conc-3789589","to_state":"s"}
{"time":1784868600947820785,"op":"submit","uuid":"fecd67c0-958f-4d45-beac-a9e62ca2cfdd","queue":"conc-3789589","to_state":"s"}
{"time":1784868600947796725,"op":"submit","uuid":"1417b5ae-2118-415f-8bf5-aec7a9d46292","queue":"conc-3789589","to_state":"s"}
{"time":1784868600947822745,"op":"submit","uuid":"596014ba-ac43-4c47-98a5-09d05ed41f00","queue":"conc-3789589","to_state":"s"}
{"time":1784868600947824785,"op":"submit","uuid":"c8bf6ac7-0bad-4cba-9811-9160cd7e86ff","queue":"conc-3789589","to_state":"s"}
{"time":1784868600947796805,"op":"submit","uuid":"9c0df4f4-8d02-4472-9963-01a068cb28de","queue":"conc-3789589","to_state":"s"}
{"time":1784868600947825885,"op":"submit","uuid":"e801f08b-5a82-4b69-bbd1-f94591f212fd","queue":"conc-3789589","to_state":"s"}
{"time":1784868600947828125,"op":"submit","uuid":"d28d2b31-d435-45cf-9105-d1497b3b8245","queue":"conc-3789589","to_state":"s"}
{"time":1784868600947827875,"op":"submit","uuid":"89694a2b-4f40-4c7c-b738-5228492b7c98","queue":"conc-3789589","to_state":"s"}
{"time":1784868600947797255,"op":"submit","uuid":"659a9196-4f10-4d64-a8ac-02f029feefbb","queue":"conc-3789589","to_state":"s"}
{"time":1784868600947832275,"op":"submit","uuid":"31b9dc69-8f2e-40f5-9aca-fa22440514d2","queue":"conc-3789589","to_state":"s"}
{"time":1784868600947831855,"op":"submit","uuid":"ac571857-7971-42d6-8f08-652b510ac624","queue":"conc-3789589","to_state":"s"}
{"time":1784868600947798385,"op":"submit","uuid":"c9d65018-91b5-4e68-9ca6-e7f5fb8169ce","queue":"conc-3789589","to_state":"s"}
{"time":1784868600947803385,"op":"submit","uuid":"1181ffdd-82bb-4ac2-a05d-67c7206a9531","queue":"conc-3789589","to_state":"s"}
{"time":1784868600947832805,"op":"submit","uuid":"9116bdba-c0bb-46c4-8989-3893d1f5dde1","queue":"conc-3789589","to_state":"s"}
{"time":1784868600947835975,"op":"submit","uuid":"b32e0563-43ad-4334-bfe2-b4d3a88cf350","queue":"conc-3789589","to_state":"s"}
{"time":1784868600947798995,"op":"submit","uuid":"b49af2ac-c743-4ade-873f-e1778081d2a0","queue":"conc-3789589","to_state":"s"}
{"time":1784868600947799345,"op":"submit","uuid":"c25a7b18-b84d-41ba-a8ed-9fe26414f5de","queue":"conc-3789589","to_state":"s"}
{"time":1784868600947839495,"op":"submit","uuid":"037eedc1-92d7-4966-9a58-479f2c73140a","queue":"conc-3789589","to_state":"s"}
{"time":1784868600947839065,"op":"submit","uuid":"2755ade6-43da-440f-80a3-c0ff330a0983","queue":"conc-3789589","to_state":"s"}
{"time":1784868600947799815,"op":"submit","uuid":"ebc846b2-0c1a-4dba-9bd2-6da650ece117","queue":"conc-3789589","to_state":"s"}
{"time":1784868600947800465,"op":"submit","uuid":"e9a1409e-1e29-42f9-a083-065eac46146c","queue":"conc-3789589","to_state":"s"}
{"time":1784868600947842735,"op":"submit","uuid":"a121dee1-ee83-4592-8545-419fcc8b9b3e","queue":"conc-3789589","to_state":"s"}
{"time":1784868600947801235,"op":"submit","uuid":"7d35b0b0-4f9c-40f0-8213-4277c886ad80","queue":"conc-3789589","to_state":"s"}
{"time":1784868600947800985,"op":"submit","uuid":"bf04df05-8be9-461f-972e-41f8c12db9ec","queue":"conc-3789589","to_state":"s"}
{"time":1784868600947845275,"op":"submit","uuid":"1c4bb6aa-c934-4b50-86b8-f5ef8872d6cd","queue":"conc-3789589","to_state":"s"}
{"time":1784868600947857835,"op":"submit","uuid":"1d932613-8452-4451-8dd9-3bbc91755749","queue":"conc-3789589","to_state":"s"}
{"time":1784868600947858785,"op":"submit","uuid":"e1e758f8-61a4-477b-896d-48aae1ac998e","queue":"conc-3789589","to_state":"s"}
{"time":1784868600947858325,"op":"submit","uuid":"7a1f532c-8a18-423c-b335-6e86a3f76eea","queue":"conc-3789589","to_state":"s"}
{"time":1784868600947860295,"op":"submit","uuid":"4987c342-5e62-42ea-830b-32fc75250b19","queue":"conc-3789589","to_state":"s"}
{"time":1784868600947862115,"op":"submit","uuid":"f19c0b6f-0e40-4ea2-9a2d-37284889ac24","queue":"conc-3789589","to_state":"s"}
{"time":1784868600947863055,"op":"submit","uuid":"2f1a8fca-eea0-4d2b-b84e-d95b6047e76a","queue":"conc-3789589","to_state":"s"}
{"time":1784868600947801815,"op":"submit","uuid":"46382b21-429c-4212-97fe-979889ba0281","queue":"conc-3789589","to_state":"s"}
{"time":1784868600947803265,"op":"submit","uuid":"01f8935d-4614-47c1-9c40-184415353a0d","queue":"conc-3789589","to_state":"s"}
{"time":1784868600947865555,"op":"submit","uuid":"dcc1b499-b608-463e-bf8c-7659b07ee03b","queue":"conc-3789589","to_state":"s"}
{"time":1784868600947866455,"op":"submit","uuid":"a657a770-917e-4623-9aed-0e43bc242c77","queue":"conc-3789589","to_state":"s"}
{"time":1784868600947867674,"op":"submit","uuid":"1b2cc04b-d1b6-4a8b-b21e-e8e1faa403e8","queue":"conc-3789589","to_state":"s"}
{"time":1784868600947803105,"op":"submit","uuid":"50ff175d-e37d-43b1-9e5a-5abb368bcb0d","queue":"conc-3789589","to_state":"s"}
{"time":1784868600947869404,"op":"submit","uuid":"96bda1c3-45da-46a5-8011-167f29f4a8de","queue":"conc-3789589","to_state":"s"}
{"time":1784868600947804015,"op":"submit","uuid":"2df72879-3294-4ef7-aceb-c3c6c0435efe","queue":"conc-3789589","to_state":"s"}
{"time":1784868600947871384,"op":"submit","uuid":"fea6d9e6-da00-4998-bf9f-c2244d2f192d","queue":"conc-3789589","to_state":"s"}
{"time":1784868600947804705,"op":"submit","uuid":"e2b0198e-30a6-439d-9c9b-2bad7ddf4afa","queue":"conc-3789589","to_state":"s"}
{"time":1784868600947804985,"op":"submit","uuid":"d82c1365-9735-4b33-8900-471a5064101b","queue":"conc-3789589","to_state":"s"}
{"time":1784868600947876954,"op":"submit","uuid":"9575e81e-af61-4979-b09e-43e91d6c1327","queue":"conc-3789589","to_state":"s"}
{"time":1784868600947805455,"op":"submit","uuid":"e4486f85-de0e-4db7-a27c-80525bfcd07e","queue":"conc-3789589","to_state":"s"}
{"time":1784868600947878034,"op":"submit","uuid":"59c13514-51b2-4b72-8b06-d45a29095ccb","queue":"conc-3789589","to_state":"s"}
{"time":1784868600947880054,"op":"submit","uuid":"7a8a911a-26a8-44f4-9dcc-a0dd98629a94","queue":"conc-3789589","to_state":"s"}
{"time":1784868600947880894,"op":"submit","uuid":"f2f8c680-b9c3-4105-8985-de9669d7210b","queue":"conc-3789589","to_state":"s"}
{"time":1784868600947806765,"op":"submit","uuid":"03ac2eab-fd49-4252-93d6-d4184c159a6c","queue":"conc-3789589","to_state":"s"}
{"time":1784868600947806025,"op":"submit","uuid":"a216ba83-e28d-4812-a1f6-f2e11160dc62","queue":"conc-3789589","to_state":"s"}
{"time":1784868600947885404,"op":"submit","uuid":"b9aa5f95-d7d3-46fd-9c7b-80bbcb6aff58","queue":"conc-3789589","to_state":"s"}
{"time":1784868600947886464,"op":"submit","uuid":"680915ce-4fd7-40a8-80f2-f0a5e491e85f","queue":"conc-3789589","to_state":"s"}
{"time":1784868600947807235,"op":"submit","uuid":"610a9c4d-40da-40e9-a4d4-1103671abcec","queue":"conc-3789589","to_state":"s"}
{"time":1784868600947887894,"op":"submit","uuid":"90bf5f74-2a40-4d14-ae58-5fdecc2d0392","queue":"conc-3789589","to_state":"s"}
{"time":1784868600947888714,"op":"submit","uuid":"68811793-cc54-4210-a842-ca07c5bfc6d0","queue":"conc-3789589","to_state":"s"}
{"time":1784868600947807315,"op":"submit","uuid":"17ce0013-7c2e-48f3-b6a3-80201dc7a6f1","queue":"conc-3789589","to_state":"s"}
{"time":1784868600947891124,"op":"submit","uuid":"506850f2-8b0e-48ab-be10-52391ceece78","queue":"conc-3789589","to_state":"s"}
{"time":1784868600947892754,"op":"submit","uuid":"42939467-9e1b-406e-8fb8-850c650e6993","queue":"conc-3789589","to_state":"s"}
{"time":1784868600947904544,"op":"submit","uuid":"4272c7eb-fcc7-4fdb-b62c-127b7a5161f7","queue":"conc-3789589","to_state":"s"}
{"time":1784868600947905164,"op":"submit","uuid":"e5101382-4cc0-4bb8-bfcf-1f67c66a88de","queue":"conc-3789589","to_state":"s"}
{"time":1784868600947905294,"op":"submit","uuid":"00c9275a-c90d-4a59-ab7d-3c0bf61ff7f0","queue":"conc-3789589","to_state":"s"}
{"time":1784868600947905734,"op":"submit","uuid":"c4378e21-5456-422a-b786-6b592d902710","queue":"conc-3789589","to_state":"s"}
{"time":1784868600947892964,"op":"submit","uuid":"dc3953a3-a16f-464f-aa87-572c42306aaf","queue":"conc-3789589","to_state":"s"}
{"time":1784868600947811115,"op":"submit","uuid":"b0472e62-defc-4b51-ab7e-39985043b134","queue":"conc-3789589","to_state":"s"}
{"time":1784868600947808795,"op":"submit","uuid":"d431ccef-ccf2-4319-8795-3b6892fc2fff","queue":"conc-3789589","to_state":"s"}
{"time":1784868600947811295,"op":"submit","uuid":"9eba8c8b-e6ac-466c-aa8b-d86352b42dba","queue":"conc-3789589","to_state":"s"}
{"time":1784868600947846695,"op":"submit","uuid":"a4f460ea-328f-4ef0-9b29-7b2cffc71c81","queue":"conc-3789589","to_state":"s"}
{"time":1784868600947850435,"op":"submit","uuid":"ee9b77bf-068c-4987-aa91-1d9e456f4c99","queue":"conc-3789589","to_state":"s"}
{"time":1784868600947894054,"op":"submit","uuid":"8fd6b2bb-709d-4b33-89df-7882a57679eb","queue":"conc-3789589","to_state":"s"}
{"time":1784868600947850305,"op":"submit","uuid":"dadb9da1-591d-4cfe-aadb-f139b95b722b","queue":"conc-3789589","to_state":"s"}
{"time":1784868600947851915,"op":"submit","uuid":"270487e8-3047-4c7a-990b-55ee470d6e70","queue":"conc-3789589","to_state":"s"}
{"time":1784868600947852125,"op":"submit","uuid":"d6e1a217-06ea-4e21-b7c2-947844158adb","queue":"conc-3789589","to_state":"s"}
{"time":1784868600947920034,"op":"submit","uuid":"9e80504d-804d-415f-a81d-289828df4727","queue":"conc-3789589","to_state":"s"}
{"time":1784868600947852185,"op":"submit","uuid":"178aeef3-cfe6-427f-806c-91d14a1677b6","queue":"conc-3789589","to_state":"s"}
{"time":1784868600947853715,"op":"submit","uuid":"eb25e45f-7d7a-4e38-aed9-f444f93783a8","queue":"conc-3789589","to_state":"s"}
{"time":1784868600947802505,"op":"submit","uuid":"12f184e5-4107-4c1e-bec1-cf7f4d25d870","queue":"conc-3789589","to_state":"s"}
{"time":1784868600947854195,"op":"submit","uuid":"39897a39-d20a-49b2-b597-6ee301aeb4b3","queue":"conc-3789589","to_state":"s"}
{"time":1784868600947926114,"op":"submit","uuid":"12c86f5d-4d4b-4405-9bc1-c60b6cb81bd6","queue":"conc-3789589","to_state":"s"}
{"time":1784868600947854195,"op":"submit","uuid":"22c203d1-b255-421e-b2da-1cd63e69f05e","queue":"conc-3789589","to_state":"s"}
{"time":1784868600947855325,"op":"submit","uuid":"1359a176-080e-4a05-a16d-dbd67356800e","queue":"conc-3789589","to_state":"s"}
{"time":1784868600947855345,"op":"submit","uuid":"867d4111-52ad-4753-9429-517569e5b5ca","queue":"conc-3789589","to_state":"s"}
{"time":1784868600947929224,"op":"submit","uuid":"9a71140b-b467-4db5-a0df-598652d25f7e","queue":"conc-3789589","to_state":"s"}
{"time":1784868600947931724,"op":"submit","uuid":"4f6937fe-4238-4161-867f-f30a1b029647","queue":"conc-3789589","to_state":"s"}
{"time":1784868600947856875,"op":"submit","uuid":"3915b3c5-6f89-4e24-a5d2-7cec19da6468","queue":"conc-3789589","to_state":"s"}
{"time":1784868600947856425,"op":"submit","uuid":"79aaeb7d-8538-4f76-a8e9-57dffbeb59e7","queue":"conc-3789589","to_state":"s"}
{"time":1784868600947854865,"op":"submit","uuid":"1036bfd5-b53d-447e-b7aa-39930cf08abd","queue":"conc-3789589","to_state":"s"}
{"time":1784868600947858695,"op":"submit","uuid":"caf01c3a-0862-4888-b4dc-5fd783278e03","queue":"conc-3789589","to_state":"s"}
{"time":1784868600947937924,"op":"submit","uuid":"7d2057c9-bbb0-4f54-bc7b-e536a601740c","queue":"conc-3789589","to_state":"s"}
{"time":1784868600947808585,"op":"submit","uuid":"26deedf0-058c-4fef-8b83-d54dffbada6b","queue":"conc-3789589","to_state":"s"}
{"time":1784868600947896624,"op":"submit","uuid":"0cfcac04-f985-4e8d-938a-c8b3dcfff3ae","queue":"conc-3789589","to_state":"s"}
{"time":1784868600947896984,"op":"submit","uuid":"c55b4d6f-3a33-46e1-94be-873fb97051d7","queue":"conc-3789589","to_state":"s"}
{"time":1784868600947955974,"op":"submit","uuid":"3eea0673-6d83-4a46-b9a2-005c87bc3662","queue":"conc-3789589","to_state":"s"}
{"time":1784868600947956604,"op":"submit","uuid":"7c3a72fc-c6e1-4811-b6fb-98d15bc0d1ca","queue":"conc-3789589","to_state":"s"}
{"time":1784868600947956934,"op":"submit","uuid":"d7747d37-f054-4f79-90a5-e234bcb60d91","queue":"conc-3789589","to_state":"s"}
{"time":1784868600947957224,"op":"submit","uuid":"62885bfa-d190-4f64-af04-54e29e514191","queue":"conc-3789589","to_state":"s"}
{"time":1784868600947957304,"op":"submit","uuid":"243822d1-54f6-439d-bb93-470db53a94f4","queue":"conc-3789589","to_state":"s"}
{"time":1784868600947963644,"op":"submit","uuid":"3bee0776-20ca-4ff6-83f7-c110e866e69e","queue":"conc-3789589","to_state":"s"}
{"time":1784868600947963474,"op":"submit","uuid":"8737ecaa-2e61-4e30-a33b-e7a87bf1a26a","queue":"conc-3789589","to_state":"s"}
{"time":1784868600947898434,"op":"submit","uuid":"c2e013e4-1d1b-4144-827a-8cd6c39b20ac","queue":"conc-3789589","to_state":"s"}
{"time":1784868600947964214,"op":"submit","uuid":"75028b88-b222-4f45-adf6-df1fa0e896ab","queue":"conc-3789589","to_state":"s"}
{"time":1784868600947964584,"op":"submit","uuid":"33eefef3-cbab-4a1d-9c83-a07e3af4511b","queue":"conc-3789589","to_state":"s"}
{"time":1784868600947967414,"op":"submit","uuid":"04a1214b-428c-41bf-a94b-df645e248ebe","queue":"conc-3789589","to_state":"s"}
{"time":1784868600947899714,"op":"submit","uuid":"e8ab269e-9bbf-40ba-ad87-6285474c0caa","queue":"conc-3789589","to_state":"s"}
{"time":1784868600947969994,"op":"submit","uuid":"b24bc014-63cb-499e-b638-0d68654c4675","queue":"conc-3789589","to_state":"s"}
{"time":1784868600947899934,"op":"submit","uuid":"01a51b13-6b12-42b4-812e-6173cb4ef746","queue":"conc-3789589","to_state":"s"}
{"time":1784868600947901024,"op":"submit","uuid":"5e6b311a-5523-485b-9d11-2bd81e69c554","queue":"conc-3789589","to_state":"s"}
{"time":1784868600947973374,"op":"submit","uuid":"d272691e-54bb-4369-aa5b-b406c93ca4fa","queue":"conc-3789589","to_state":"s"}
{"time":1784868600947972744,"op":"submit","uuid":"eea095cd-d24a-49e0-9262-ff0ccc125873","queue":"conc-3789589","to_state":"s"}
{"time":1784868600947973534,"op":"submit","uuid":"0d9354a4-f57b-47e7-bd1d-a09203a7e64e","queue":"conc-3789589","to_state":"s"}
{"time":1784868600947898874,"op":"submit","uuid":"4b9556fa-2808-4af2-92b4-02301843dea3","queue":"conc-3789589","to_state":"s"}
{"time":1784868600947977944,"op":"submit","uuid":"db6ab321-99d5-4313-a0e4-b13537f0a0b4","queue":"conc-3789589","to_state":"s"}
{"time":1784868600947978234,"op":"submit","uuid":"7cdb361f-278f-4bb2-89e3-b6e2236eb5c4","queue":"conc-3789589","to_state":"s"}
{"time":1784868600947979534,"op":"submit","uuid":"df76bd50-f072-4b78-8e56-7917b697d17d","queue":"conc-3789589","to_state":"s"}
{"time":1784868600947900974,"op":"submit","uuid":"e2923806-f45d-4e26-b65c-cefa42ef6b77","queue":"conc-3789589","to_state":"s"}
{"time":1784868600947982874,"op":"submit","uuid":"6b45e4aa-bc61-419d-883a-05514560ddcc","queue":"conc-3789589","to_state":"s"}
{"time":1784868600947809205,"op":"submit","uuid":"c3da4d83-b229-4c70-8a73-f168add5020f","queue":"conc-3789589","to_state":"s"}
{"time":1784868600947983254,"op":"submit","uuid":"10ca76a6-76fa-4402-a5e1-aa0cf89dc258","queue":"conc-3789589","to_state":"s"}
{"time":1784868600947983944,"op":"submit","uuid":"87518853-42a1-4262-b387-97dbcb5c623b","queue":"conc-3789589","to_state":"s"}
{"time":1784868600947902404,"op":"submit","uuid":"b41304e5-8f1e-41bb-b02e-1f7056759475","queue":"conc-3789589","to_state":"s"}
{"time":1784868600947902954,"op":"submit","uuid":"e685fa29-307a-458c-88ba-1a178285c1ae","queue":"conc-3789589","to_state":"s"}
{"time":1784868600947987294,"op":"submit","uuid":"55da10f1-2d3d-4e97-8213-0c8d1949ed88","queue":"conc-3789589","to_state":"s"}
{"time":1784868600947987944,"op":"submit","uuid":"7b9e7eaa-6d9f-4e84-ae16-0df35450e093","queue":"conc-3789589","to_state":"s"}
{"time":1784868600947989524,"op":"submit","uuid":"dfc285a8-0f04-4b10-a5bd-ada8d933723f","queue":"conc-3789589","to_state":"s"}
{"time":1784868600947997574,"op":"submit","uuid":"a158d4ce-0078-4640-8574-d6ea9c78ba79","queue":"conc-3789589","to_state":"s"}
{"time":1784868600947997974,"op":"submit","uuid":"ca0c70e9-9a5c-4598-a222-7ea52ceaf105","queue":"conc-3789589","to_state":"s"}
{"time":1784868600947998094,"op":"submit","uuid":"f56a5313-511d-4bef-9b56-0c95c7af9b81","queue":"conc-3789589","to_state":"s"}
{"time":1784868600947997904,"op":"submit","uuid":"81b9df31-e600-476b-81c3-f6ea48b9f6d7","queue":"conc-3789589","to_state":"s"}
{"time":1784868600947998894,"op":"submit","uuid":"bef3844f-c20a-46cb-b8b9-4d2fa93f5836","queue":"conc-3789589","to_state":"s"}
{"time":1784868600947902884,"op":"submit","uuid":"38b1be3a-fee2-4ad1-b2c0-1103d1d5f4f0","queue":"conc-3789589","to_state":"s"}
{"time":1784868600948002753,"op":"submit","uuid":"2e1b69e9-54d5-43a5-be99-da516c77a00b","queue":"conc-3789589","to_state":"s"}
{"time":1784868600948003263,"op":"submit","uuid":"18353c0b-fa47-4a47-a37b-99fea304eab0","queue":"conc-3789589","to_state":"s"}
{"time":1784868600948003993,"op":"submit","uuid":"70a0d76a-dc50-4aa4-8948-5414a208e666","queue":"conc-3789589","to_state":"s"}
{"time":1784868600948006033,"op":"submit","uuid":"a1bbdc8e-5289-4567-91e6-c82d487299e4","queue":"conc-3789589","to_state":"s"}
{"time":1784868600947903694,"op":"submit","uuid":"7da34454-9e3c-448a-801f-432efe527132","queue":"conc-3789589","to_state":"s"}
{"time":1784868600948008143,"op":"submit","uuid":"5429911c-3410-4fcd-8141-82a89f1d1491","queue":"conc-3789589","to_state":"s"}
{"time":1784868600947942504,"op":"submit","uuid":"7ad5ebd0-4105-4929-8a6b-55c8d9ec457c","queue":"conc-3789589","to_state":"s"}
{"time":1784868600947904124,"op":"submit","uuid":"5c0ed217-307e-4950-b332-b9e7525e8993","queue":"conc-3789589","to_state":"s"}
{"time":1784868600947943484,"op":"submit","uuid":"034d564a-09dc-4e18-bb20-90890d58b227","queue":"conc-3789589","to_state":"s"}
{"time":1784868600948011963,"op":"submit","uuid":"2552f8e2-b059-433f-a4fa-c25687d0d746","queue":"conc-3789589","to_state":"s"}
{"time":1784868600948012483,"op":"submit","uuid":"f5f7927c-e130-4cf2-982e-7723756c3b48","queue":"conc-3789589","to_state":"s"}
{"time":1784868600947944024,"op":"submit","uuid":"c6f25471-d0e5-40cd-bda5-81ddfaca9a60","queue":"conc-3789589","to_state":"s"}
{"time":1784868600948014133,"op":"submit","uuid":"da379240-1b2b-462f-89b8-df52a5025b4b","queue":"conc-3789589","to_state":"s"}
{"time":1784868600947944994,"op":"submit","uuid":"a29a06d5-a9c0-4464-a784-90b693c8f4d9","queue":"conc-3789589","to_state":"s"}
{"time":1784868600948017443,"op":"submit","uuid":"15c8cc97-db05-4126-a913-108dc062b738","queue":"conc-3789589","to_state":"s"}
{"time":1784868600947945504,"op":"submit","uuid":"79a77633-73d9-4637-8bed-fc1c349399c2","queue":"conc-3789589","to_state":"s"}
{"time":1784868600947897684,"op":"submit","uuid":"77a9b591-0427-4167-a60e-c0e64cea74dc","queue":"conc-3789589","to_state":"s"}
{"time":1784868600947946454,"op":"submit","uuid":"926ea75c-0e24-4a03-bf9c-067a628a56e4","queue":"conc-3789589","to_state":"s"}
{"time":1784868600948019953,"op":"submit","uuid":"4a8f01a8-573e-4474-b277-3d85ccebaa7b","queue":"conc-3789589","to_state":"s"}
{"time":1784868600947947444,"op":"submit","uuid":"b2748446-87dc-48cb-89be-1b66b52ac96b","queue":"conc-3789589","to_state":"s"}
{"time":1784868600947948134,"op":"submit","uuid":"9daa5b7d-4d8c-4e14-baa4-5433dfa63263","queue":"conc-3789589","to_state":"s"}
{"time":1784868600948023183,"op":"submit","uuid":"7d7fd166-fc1e-4599-878e-0e5f8bec1656","queue":"conc-3789589","to_state":"s"}
{"time":1784868600947949344,"op":"submit","uuid":"45c071ee-9d30-4459-9fde-8c3674014cd1","queue":"conc-3789589","to_state":"s"}
{"time":1784868600948025423,"op":"submit","uuid":"601b86f9-f6df-4589-8512-f5be4b75b021","queue":"conc-3789589","to_state":"s"}
{"time":1784868600948025543,"op":"submit","uuid":"e60b0cdc-eae1-462f-8005-000bb0c88682","queue":"conc-3789589","to_state":"s"}
{"time":1784868600947950444,"op":"submit","uuid":"56c7123d-cff2-4a7d-a7ce-1d95fdb582ee","queue":"conc-3789589","to_state":"s"}
{"time":1784868600948032693,"op":"submit","uuid":"6611ab21-e052-43a2-8bf3-88c95d73920d","queue":"conc-3789589","to_state":"s"}
{"time":1784868600947945804,"op":"submit","uuid":"1821daeb-f8c9-4d7a-b9f0-5a538fabcafa","queue":"conc-3789589","to_state":"s"}
{"time":1784868600947951744,"op":"submit","uuid":"03840830-05a9-4636-ada4-a7f1d2bbbc8b","queue":"conc-3789589","to_state":"s"}
{"time":1784868600947952144,"op":"submit","uuid":"96959668-234d-42eb-8899-7611b6711650","queue":"conc-3789589","to_state":"s"}
{"time":1784868600948233882,"op":"submit","uuid":"5fd80b73-1162-4e64-b02b-c8593a09f63d","queue":"conc-3789589","to_state":"s"}
{"time":1784868600947951164,"op":"submit","uuid":"cdd0a32b-ee43-498f-81d7-a6d063a7546e","queue":"conc-3789589","to_state":"s"}
{"time":1784868600948319171,"op":"submit","uuid":"69ba2d9e-79c0-481f-8a06-f7843034a656","queue":"conc-3789589","to_state":"s"}
{"time":1784868600948321151,"op":"submit","uuid":"2490a67b-4aa5-4b33-9ef5-e80cd822631c","queue":"conc-3789589","to_state":"s"}
{"time":1784868600947977474,"op":"submit","uuid":"6d1f75ee-f227-48f2-b84f-2df9e92dd863","queue":"conc-3789589","to_state":"s"}
{"time":1784868600948329501,"op":"submit","uuid":"6a0bc036-ff5e-4863-8813-bb6e01eb9760","queue":"conc-3789589","to_state":"s"}
{"time":1784868600948019223,"op":"submit","uuid":"ebb009db-feec-487b-89cd-bd0e6494db39","queue":"conc-3789589","to_state":"s"}
{"time":1784868600948338231,"op":"submit","uuid":"6845c09d-26cd-49c0-a322-377ca2f3399f","queue":"conc-3789589","to_state":"s"}
{"time":1784868600948331451,"op":"submit","uuid":"684679a7-defc-41ae-a55a-1b0f5bba4ea3","queue":"conc-3789589","to_state":"s"}
{"time":1784868600947953694,"op":"submit","uuid":"6aa96e45-9396-49a0-9ff4-a8573ece9ea1","queue":"conc-3789589","to_state":"s"}
{"time":1784868600947952914,"op":"submit","uuid":"5b9565d8-a25e-4f1f-a708-5e1c9204276d","queue":"conc-3789589","to_state":"s"}
{"time":1784868600947952004,"op":"submit","uuid":"75b656dc-689a-4175-9cda-738af89cfbc2","queue":"conc-3789589","to_state":"s"}
{"time":1784868600948242292,"op":"submit","uuid":"3a48ca04-57ea-40fc-bdd0-878553a18d98","queue":"conc-3789589","to_state":"s"}
{"time":1784868600948243942,"op":"submit","uuid":"9a5e48de-45be-4218-90ad-e2f83fb69c1b","queue":"conc-3789589","to_state":"s"}
{"time":1784868600947954204,"op":"submit","uuid":"152918fc-b016-4428-85e0-c183565dbe1c","queue":"conc-3789589","to_state":"s"}
{"time":1784868600947954394,"op":"submit","uuid":"a3e718d7-2673-4357-bf7d-bdbe1af0d8f1","queue":"conc-3789589","to_state":"s"}
{"time":1784868600948385231,"op":"submit","uuid":"eb8361a3-8f2b-4ce6-89ba-3434e31b2ac4","queue":"conc-3789589","to_state":"s"}
{"time":1784868600947955474,"op":"submit","uuid":"57075232-fda9-44c5-bb10-1ee59258e5a0","queue":"conc-3789589","to_state":"s"}
{"time":1784868600947954854,"op":"submit","uuid":"c60f01f8-0fdf-48bb-b8f1-2718ce1ad9ad","queue":"conc-3789589","to_state":"s"}
{"time":1784868600947902784,"op":"submit","uuid":"e19f1e54-a230-48f2-ba26-64bdff78cdfd","queue":"conc-3789589","to_state":"s"}
{"time":1784868600947955494,"op":"submit","uuid":"04f4041c-50d8-4792-903f-9f65278d0266","queue":"conc-3789589","to_state":"s"}
{"time":1784868600947953554,"op":"submit","uuid":"00c82396-7b24-4af9-b6a2-f2b0f88ec43a","queue":"conc-3789589","to_state":"s"}
{"time":1784868600948236992,"op":"submit","uuid":"2c71dbee-2cce-42b5-bb3d-c7d81b6ae5c1","queue":"conc-3789589","to_state":"s"}
{"time":1784868600947992424,"op":"submit","uuid":"82c8b430-1364-48b0-bc81-deb19212f5d0","queue":"conc-3789589","to_state":"s"}
{"time":1784868600947852995,"op":"submit","uuid":"5215b2eb-bc51-4697-b100-eaf3bf627f52","queue":"conc-3789589","to_state":"s"}
{"time":1784868600947994104,"op":"submit","uuid":"b38cce3d-a31d-4c04-8688-e92f14ab874d","queue":"conc-3789589","to_state":"s"}
{"time":1784868600948387541,"op":"submit","uuid":"05001f06-55ce-4bbf-8303-f84a49db358b","queue":"conc-3789589","to_state":"s"}
{"time":1784868600947993414,"op":"submit","uuid":"9d20c140-54f9-489f-8629-d00f272a71a1","queue":"conc-3789589","to_state":"s"}
{"time":1784868600947995164,"op":"submit","uuid":"1f5d88f3-e50f-41bf-af11-eead03dcfa40","queue":"conc-3789589","to_state":"s"}
{"time":1784868600947995664,"op":"submit","uuid":"472b5285-b110-4e6c-8b15-7dad23881f7a","queue":"conc-3789589","to_state":"s"}
{"time":1784868600947995334,"op":"submit","uuid":"5ccf3961-d7da-4848-86c8-2c88c0739c7b","queue":"conc-3789589","to_state":"s"}
{"time":1784868600947996134,"op":"submit","uuid":"e1e78ffe-3b1b-4992-acce-00ea075a3296","queue":"conc-3789589","to_state":"s"}
{"time":1784868600948395641,"op":"submit","uuid":"cf6f0807-5d75-4c48-a3e5-bf9b9cf9847d","queue":"conc-3789589","to_state":"s"}
{"time":1784868600947996464,"op":"submit","uuid":"b2fe3203-5575-4219-a12f-cb688714123b","queue":"conc-3789589","to_state":"s"}
{"time":1784868600948399961,"op":"submit","uuid":"1e3246a9-675f-4b8a-ab3c-753f9e4b00bb","queue":"conc-3789589","to_state":"s"}
{"time":1784868600947996064,"op":"submit","uuid":"b3d1e667-fb26-494b-a1d4-33e63718fcbe","queue":"conc-3789589","to_state":"s"}
{"time":1784868600948383421,"op":"submit","uuid":"fb479f9a-66a0-4e49-b913-1ec6df11caa2","queue":"conc-3789589","to_state":"s"}
{"time":1784868600948404081,"op":"submit","uuid":"809b89e1-392c-47fa-8310-82992e4ee4c3","queue":"conc-3789589","to_state":"s"}
{"time":1784868600947996954,"op":"submit","uuid":"cd3d2508-98c7-401b-8146-b6fed6f5e76d","queue":"conc-3789589","to_state":"s"}
{"time":1784868600948029693,"op":"submit","uuid":"64471f1e-df00-48f9-90dd-cb439a8f8eff","queue":"conc-3789589","to_state":"s"}
{"time":1784868600948030983,"op":"submit","uuid":"0380a1f5-9381-4eed-9799-95fddc49b64d","queue":"conc-3789589","to_state":"s"}
{"time":1784868600948031263,"op":"submit","uuid":"ea0eb8f6-a0e4-413c-92b3-7a4ecaea24e7","queue":"conc-3789589","to_state":"s"}
{"time":1784868600947857795,"op":"submit","uuid":"50882d23-f954-49b0-8c53-b2edeb4be4f3","queue":"conc-3789589","to_state":"s"}
{"time":1784868600948032063,"op":"submit","uuid":"e79f75ac-1844-44e5-8cc9-51528a3dba58","queue":"conc-3789589","to_state":"s"}
{"time":1784868600948029643,"op":"submit","uuid":"be4d546b-6437-4630-9849-215ac1b1d172","queue":"conc-3789589","to_state":"s"}
{"time":1784868600948032743,"op":"submit","uuid":"ccd82a3a-adf7-4f86-a989-e8d2fc977e99","queue":"conc-3789589","to_state":"s"}
{"time":1784868600948033223,"op":"submit","uuid":"3e6d01ec-7428-44ae-84aa-a841f75e9a71","queue":"conc-3789589","to_state":"s"}
{"time":1784868600947993684,"op":"submit","uuid":"09ca39f0-ef55-44cc-a513-b48b0fdaeb90","queue":"conc-3789589","to_state":"s"}
{"time":1784868600947993054,"op":"submit","uuid":"657dc3a4-4fd5-4646-8252-d900ec24d8f8","queue":"conc-3789589","to_state":"s"}
{"time":1784868600948394641,"op":"submit","uuid":"7e227735-b297-4150-a735-d03236ec443f","queue":"conc-3789589","to_state":"s"}
{"time":1784868600948392031,"op":"submit","uuid":"5664b14c-6f2d-43d9-a300-9b888f56274d","queue":"conc-3789589","to_state":"s"}
{"time":1784868600948400131,"op":"submit","uuid":"8ee15e8f-d508-4ded-ba03-433916eacda0","queue":"conc-3789589","to_state":"s"}
{"time":1784868600948398481,"op":"submit","uuid":"778b81aa-ab4f-4e82-a60c-3b860376799d","queue":"conc-3789589","to_state":"s"}
{"time":1784868600948388701,"op":"submit","uuid":"019894e2-63fd-4772-8a44-fd9be68eba74","queue":"conc-3789589","to_state":"s"}
{"time":1784868600948405790,"op":"submit","uuid":"e84a1f94-35d2-498b-b385-0740c077f1b9","queue":"conc-3789589","to_state":"s"}
{"time":1784868600948384691,"op":"submit","uuid":"0b9c0494-9a71-434b-aed3-6a1a0d449178","queue":"conc-3789589","to_state":"s"}
{"time":1784868600948384121,"op":"submit","uuid":"7cbc4202-3297-48e2-94a1-6c3f5dda243d","queue":"conc-3789589","to_state":"s"}
{"time":1784868600948058923,"op":"submit","uuid":"059de790-ae0d-4828-a470-69128d70693b","queue":"conc-3789589","to_state":"s"}
{"time":1784868600952225883,"op":"submit","uuid":"7ddaa352-c8e2-4d9b-978a-5e72786cf09e","queue":"conc-3789589","to_state":"s"}
{"time":1784868600952229153,"op":"submit","uuid":"0a58ce99-161f-4d27-ace1-c9d9a5b7916d","queue":"conc-3789589","to_state":"s"}
{"time":1784868600952293712,"op":"submit","uuid":"af8f825d-de31-406b-ae24-d48b687491e1","queue":"conc-3789589","to_state":"s"}
{"time":1784868600961756463,"op":"submit","uuid":"933b4a4b-e48d-4942-b934-eca6b0736ba5","queue":"conc-3789589","to_state":"s"}
{"time":1784868600961763412,"op":"submit","uuid":"6ea3404e-c016-4804-8613-83539d16f8fd","queue":"conc-3789589","to_state":"s"}
{"time":1784868600961773532,"op":"submit","uuid":"0491c278-9308-4fe6-ada8-69b874585928","queue":"conc-3789589","to_state":"s"}
{"time":1784868600961775582,"op":"submit","uuid":"2fb5b4eb-1904-4fce-adb5-15b0a3297ef9","queue":"conc-3789589","to_state":"s"}
{"time":1784868600961780002,"op":"submit","uuid":"5176623d-a1b3-40b8-9606-5dc28ce9cfc3","queue":"conc-3789589","to_state":"s"}
{"time":1784868600961783542,"op":"submit","uuid":"3624166c-c62d-4f52-a7c4-2f2986734726","queue":"conc-3789589","to_state":"s"}
{"time":1784868600961784472,"op":"submit","uuid":"a99cb378-7a8b-4486-b330-d4327975cebf","queue":"conc-3789589","to_state":"s"}
{"time":1784868600961783312,"op":"submit","uuid":"72ec6733-6c65-4955-81b7-949f12532a90","queue":"conc-3789589","to_state":"s"}
{"time":1784868600961786542,"op":"submit","uuid":"a29f537f-b405-430e-8df3-035e6db4dd97","queue":"conc-3789589","to_state":"s"}
{"time":1784868600961790022,"op":"submit","uuid":"ca353cb0-3e30-4152-b201-fe3f9d58707d","queue":"conc-3789589","to_state":"s"}
{"time":1784868600961792142,"op":"submit","uuid":"a0dcee0b-2c76-40a0-bec4-e271fb14d7ca","queue":"conc-3789589","to_state":"s"}
{"time":1784868600961793102,"op":"submit","uuid":"681c40a0-2596-4ea5-926e-ad68cd09ca70","queue":"conc-3789589","to_state":"s"}
{"time":1784868600961797072,"op":"submit","uuid":"e20f1e1b-be77-4593-aef2-de748c762609","queue":"conc-3789589","to_state":"s"}
{"time":1784868600961798092,"op":"submit","uuid":"b5314de3-7312-4aa7-bc15-ecf56598d640","queue":"conc-3789589","to_state":"s"}
{"time":1784868600961798782,"op":"submit","uuid":"fc3504d7-f589-47e9-b48f-82a30e182c64","queue":"conc-3789589","to_state":"s"}
{"time":1784868600961801462,"op":"submit","uuid":"9d388363-ec7c-4446-ba10-bb15ad296c45","queue":"conc-3789589","to_state":"s"}
{"time":1784868600961801202,"op":"submit","uuid":"0452dfdd-6708-4bc0-a70e-102e86d06a50","queue":"conc-3789589","to_state":"s"}
{"time":1784868600961801482,"op":"submit","uuid":"b9fb227d-30d8-4434-baf2-c98a2b2edbea","queue":"conc-3789589","to_state":"s"}
{"time":1784868600961802602,"op":"submit","uuid":"d446d593-a960-44ae-aadd-73dec2d73440","queue":"conc-3789589","to_state":"s"}
{"time":1784868600961805052,"op":"submit","uuid":"bafe2f6e-ca16-4c4a-ab7e-1a0b440e2ff2","queue":"conc-3789589","to_state":"s"}
{"time":1784868600961805302,"op":"submit","uuid":"91ea2116-f1e8-4b39-a8ed-186bebd2506b","queue":"conc-3789589","to_state":"s"}
{"time":1784868600961806182,"op":"submit","uuid":"7077ec2c-d551-4e81-8496-70737317d419","queue":"conc-3789589","to_state":"s"}
{"time":1784868600961808742,"op":"submit","uuid":"46b9427f-99e9-49cc-814f-069e37414b6e","queue":"conc-3789589","to_state":"s"}
{"time":1784868600961809092,"op":"submit","uuid":"d0b1a3bf-99e2-40e5-b319-a10c5c9de58c","queue":"conc-3789589","to_state":"s"}
{"time":1784868600961809672,"op":"submit","uuid":"ac201ba1-7acb-49c6-bd38-04b489a0af23","queue":"conc-3789589","to_state":"s"}
{"time":1784868600961811552,"op":"submit","uuid":"7b7f40cb-3273-4190-b816-034a9a4a70be","queue":"conc-3789589","to_state":"s"}
{"time":1784868600961814422,"op":"submit","uuid":"ddbe6ef4-11a9-41c0-9273-ac007c460cb2","queue":"conc-3789589","to_state":"s"}
{"time":1784868600961815092,"op":"submit","uuid":"3787d56f-4a25-49ca-9e65-9676eee74a27","queue":"conc-3789589","to_state":"s"}
{"time":1784868600961817282,"op":"submit","uuid":"382740e1-5969-490a-852a-d40bb8dca261","queue":"conc-3789589","to_state":"s"}
{"time":1784868600961817192,"op":"submit","uuid":"6337f51a-f48f-4c09-826a-dca53afc2b08","queue":"conc-3789589","to_state":"s"}
{"time":1784868600961818232,"op":"submit","uuid":"e58e7a6e-30bb-46fb-9cbf-177fd38cd9a1","queue":"conc-3789589","to_state":"s"}
{"time":1784868600961820222,"op":"submit","uuid":"94f17275-9df5-4947-9c97-72c764c14538","queue":"conc-3789589","to_state":"s"}
{"time":1784868600961821442,"op":"submit","uuid":"9aad6338-5915-4229-9310-f9bfddc34c4c","queue":"conc-3789589","to_state":"s"}
{"time":1784868600961822162,"op":"submit","uuid":"250e8dd3-3e97-4675-be77-f0e5ed4dc8ad","queue":"conc-3789589","to_state":"s"}
{"time":1784868600961822762,"op":"submit","uuid":"921769f6-6a3d-4be1-9738-fe77238227d3","queue":"conc-3789589","to_state":"s"}
{"time":1784868600961825452,"op":"submit","uuid":"6434239a-7bc1-4c45-bf82-abdc85fa52ae","queue":"conc-3789589","to_state":"s"}
{"time":1784868600961826832,"op":"submit","uuid":"a4047bdf-6772-49a4-8bc2-fecc6df13dc8","queue":"conc-3789589","to_state":"s"}
{"time":1784868600961811652,"op":"submit","uuid":"27d6ecac-9f6d-4c38-999b-a0933907a869","queue":"conc-3789589","to_state":"s"}
{"time":1784868600961817342,"op":"submit","uuid":"6d71a280-45dc-46ff-81c8-b8719384093e","queue":"conc-3789589","to_state":"s"}
{"time":1784868600961822872,"op":"submit","uuid":"a6df9612-40bc-4c29-9193-40c18e4fa9c2","queue":"conc-3789589","to_state":"s"}
{"time":1784868600967162463,"op":"submit","uuid":"a5dd9bc5-e55c-4232-9c18-217bebfb150f","queue":"conc-3789589","to_state":"s"}
{"time":1784868600967400101,"op":"claim","uuid":"905df75c-292a-4a72-aa7b-2b02eecd5e71","queue":"conc-3789589","from_state":"s","to_state":"w"}
{"time":1784868600971014395,"op":"claim","uuid":"0f613859-461a-4be8-8586-546e0fbb0777","queue":"conc-3789589","from_state":"s","to_state":"w"}
{"time":1784868600971027484,"op":"claim","uuid":"d7f0d0d8-d1c8-4a26-9f08-70814e7c3295","queue":"conc-3789589","from_state":"s","to_state":"w"}
{"time":1784868600971039844,"op":"claim","uuid":"4272c7eb-fcc7-4fdb-b62c-127b7a5161f7","queue":"conc-3789589","from_state":"s","to_state":"w"}
{"time":1784868600971050744,"op":"claim","uuid":"82c8b430-1364-48b0-bc81-deb19212f5d0","queue":"conc-3789589","from_state":"s","to_state":"w"}
{"time":1784868600971065904,"op":"claim","uuid":"b38cce3d-a31d-4c04-8688-e92f14ab874d","queue":"conc-3789589","from_state":"s","to_state":"w"}
{"time":1784868600971077884,"op":"claim","uuid":"472b5285-b110-4e6c-8b15-7dad23881f7a","queue":"conc-3789589","from_state":"s","to_state":"w"}
{"time":1784868600971088604,"op":"claim","uuid":"cd3d2508-98c7-401b-8146-b6fed6f5e76d","queue":"conc-3789589","from_state":"s","to_state":"w"}
{"time":1784868600971100704,"op":"claim","uuid":"bef3844f-c20a-46cb-b8b9-4d2fa93f5836","queue":"conc-3789589","from_state":"s","to_state":"w"}
{"time":1784868600971112154,"op":"claim","uuid":"5664b14c-6f2d-43d9-a300-9b888f56274d","queue":"conc-3789589","from_state":"s","to_state":"w"}
{"time":1784868600971123554,"op":"claim","uuid":"e84a1f94-35d2-498b-b385-0740c077f1b9","queue":"conc-3789589","from_state":"s","to_state":"w"}
{"time":1784868600971135544,"op":"claim","uuid":"eb8361a3-8f2b-4ce6-89ba-3434e31b2ac4","queue":"conc-3789589","from_state":"s","to_state":"w"}
{"time":1784868600971147754,"op":"claim","uuid":"05001f06-55ce-4bbf-8303-f84a49db358b","queue":"conc-3789589","from_state":"s","to_state":"w"}
{"time":1784868600971157974,"op":"claim","uuid":"019894e2-63fd-4772-8a44-fd9be68eba74","queue":"conc-3789589","from_state":"s","to_state":"w"}
{"time":1784868600971169573,"op":"claim","uuid":"7cbc4202-3297-48e2-94a1-6c3f5dda243d","queue":"conc-3789589","from_state":"s","to_state":"w"}
{"time":1784868600971180723,"op":"claim","uuid":"778b81aa-ab4f-4e82-a60c-3b860376799d","queue":"conc-3789589","from_state":"s","to_state":"w"}
{"time":1784868600971191933,"op":"claim","uuid":"1e3246a9-675f-4b8a-ab3c-753f9e4b00bb","queue":"conc-3789589","from_state":"s","to_state":"w"}
{"time":1784868600971201863,"op":"claim","uuid":"cf6f0807-5d75-4c48-a3e5-bf9b9cf9847d","queue":"conc-3789589","from_state":"s","to_state":"w"}
{"time":1784868600971211933,"op":"claim","uuid":"809b89e1-392c-47fa-8310-82992e4ee4c3","queue":"conc-3789589","from_state":"s","to_state":"w"}
{"time":1784868600971222483,"op":"claim","uuid":"e19f1e54-a230-48f2-ba26-64bdff78cdfd","queue":"conc-3789589","from_state":"s","to_state":"w"}
{"time":1784868600971232383,"op":"claim","uuid":"00c82396-7b24-4af9-b6a2-f2b0f88ec43a","queue":"conc-3789589","from_state":"s","to_state":"w"}
{"time":1784868600971262333,"op":"claim","uuid":"04f4041c-50d8-4792-903f-9f65278d0266","queue":"conc-3789589","from_state":"s","to_state":"w"}
{"time":1784868600971269713,"op":"claim","uuid":"62885bfa-d190-4f64-af04-54e29e514191","queue":"conc-3789589","from_state":"s","to_state":"w"}
{"time":1784868600971275633,"op":"claim","uuid":"03840830-05a9-4636-ada4-a7f1d2bbbc8b","queue":"conc-3789589","from_state":"s","to_state":"w"}
{"time":1784868600971283103,"op":"claim","uuid":"2c71dbee-2cce-42b5-bb3d-c7d81b6ae5c1","queue":"conc-3789589","from_state":"s","to_state":"w"}
{"time":1784868600971289343,"op":"claim","uuid":"059de790-ae0d-4828-a470-69128d70693b","queue":"conc-3789589","from_state":"s","to_state":"w"}
{"time":1784868600971294822,"op":"claim","uuid":"ebb009db-feec-487b-89cd-bd0e6494db39","queue":"conc-3789589","from_state":"s","to_state":"w"}
{"time":1784868600971301602,"op":"claim","uuid":"684679a7-defc-41ae-a55a-1b0f5bba4ea3","queue":"conc-3789589","from_state":"s","to_state":"w"}
{"time":1784868600971332632,"op":"claim","uuid":"6d1f75ee-f227-48f2-b84f-2df9e92dd863","queue":"conc-3789589","from_state":"s","to_state":"w"}
{"time":1784868600971344162,"op":"claim","uuid":"6b45e4aa-bc61-419d-883a-05514560ddcc","queue":"conc-3789589","from_state":"s","to_state":"w"}
{"time":1784868600971352852,"op":"claim","uuid":"0d9354a4-f57b-47e7-bd1d-a09203a7e64e","queue":"conc-3789589","from_state":"s","to_state":"w"}
{"time":1784868600971360552,"op":"claim","uuid":"eea095cd-d24a-49e0-9262-ff0ccc125873","queue":"conc-3789589","from_state":"s","to_state":"w"}
{"time":1784868600971366812,"op":"claim","uuid":"df76bd50-f072-4b78-8e56-7917b697d17d","queue":"conc-3789589","from_state":"s","to_state":"w"}
{"time":1784868600971373052,"op":"claim","uuid":"70a0d76a-dc50-4aa4-8948-5414a208e666","queue":"conc-3789589","from_state":"s","to_state":"w"}
{"time":1784868600971379152,"op":"claim","uuid":"dfc285a8-0f04-4b10-a5bd-ada8d933723f","queue":"conc-3789589","from_state":"s","to_state":"w"}
{"time":1784868600971389122,"op":"claim","uuid":"2490a67b-4aa5-4b33-9ef5-e80cd822631c","queue":"conc-3789589","from_state":"s","to_state":"w"}
{"time":1784868600971400262,"op":"claim","uuid":"bafba8e6-862c-4fc3-b86c-04b6a6be4e95","queue":"conc-3789589","from_state":"s","to_state":"w"}
{"time":1784868600971410632,"op":"claim","uuid":"70fad6e7-2aaa-4ad4-8219-76de6ef55917","queue":"conc-3789589","from_state":"s","to_state":"w"}
{"time":1784868600971418992,"op":"claim","uuid":"03d4bb2c-2c85-4eff-a2b0-6001fc392cc5","queue":"conc-3789589","from_state":"s","to_state":"w"}
{"time":1784868600971427462,"op":"claim","uuid":"aa978e24-ff47-40b9-a75f-cb5706e19d92","queue":"conc-3789589","from_state":"s","to_state":"w"}
{"time":1784868600971437381,"op":"claim","uuid":"f38965cf-f66a-4da5-9668-134f6f41e30f","queue":"conc-3789589","from_state":"s","to_state":"w"}
{"time":1784868600971444391,"op":"claim","uuid":"659a9196-4f10-4d64-a8ac-02f029feefbb","queue":"conc-3789589","from_state":"s","to_state":"w"}
{"time":1784868600971452881,"op":"claim","uuid":"c25a7b18-b84d-41ba-a8ed-9fe26414f5de","queue":"conc-3789589","from_state":"s","to_state":"w"}
{"time":1784868600971462491,"op":"claim","uuid":"bf04df05-8be9-461f-972e-41f8c12db9ec","queue":"conc-3789589","from_state":"s","to_state":"w"}
{"time":1784868600971469421,"op":"claim","uuid":"50ff175d-e37d-43b1-9e5a-5abb368bcb0d","queue":"conc-3789589","from_state":"s","to_state":"w"}
{"time":1784868600971484091,"op":"claim","uuid":"d82c1365-9735-4b33-8900-471a5064101b","queue":"conc-3789589","from_state":"s","to_state":"w"}
{"time":1784868600971492191,"op":"claim","uuid":"03ac2eab-fd49-4252-93d6-d4184c159a6c","queue":"conc-3789589","from_state":"s","to_state":"w"}
{"time":1784868600971498201,"op":"claim","uuid":"26deedf0-058c-4fef-8b83-d54dffbada6b","queue":"conc-3789589","from_state":"s","to_state":"w"}
{"time":1784868600971505141,"op":"claim","uuid":"b0472e62-defc-4b51-ab7e-39985043b134","queue":"conc-3789589","from_state":"s","to_state":"w"}
{"time":1784868600971528981,"op":"claim","uuid":"d16b5257-0b28-4157-b3c7-556ad11af2f9","queue":"conc-3789589","from_state":"s","to_state":"w"}
{"time":1784868600971538711,"op":"claim","uuid":"087abab9-1acd-488d-b085-f78eda2982f0","queue":"conc-3789589","from_state":"s","to_state":"w"}
{"time":1784868600971544881,"op":"claim","uuid":"e801f08b-5a82-4b69-bbd1-f94591f212fd","queue":"conc-3789589","from_state":"s","to_state":"w"}
{"time":1784868600971551091,"op":"claim","uuid":"9a71140b-b467-4db5-a0df-598652d25f7e","queue":"conc-3789589","from_state":"s","to_state":"w"}
{"time":1784868600971560821,"op":"claim","uuid":"170e06a8-4d10-4042-9ac0-c3ba6082a66a","queue":"conc-3789589","from_state":"s","to_state":"w"}
{"time":1784868600971566691,"op":"claim","uuid":"46dc32af-3bc9-4fba-ae3e-e6a94867a691","queue":"conc-3789589","from_state":"s","to_state":"w"}
{"time":1784868600971571971,"op":"claim","uuid":"30b438e5-f2ba-4f2b-9565-421c724c7f28","queue":"conc-3789589","from_state":"s","to_state":"w"}
{"time":1784868600971577941,"op":"claim","uuid":"e932b999-7668-4711-9e8a-3d84bec903ef","queue":"conc-3789589","from_state":"s","to_state":"w"}
{"time":1784868600971583090,"op":"claim","uuid":"ac571857-7971-42d6-8f08-652b510ac624","queue":"conc-3789589","from_state":"s","to_state":"w"}
{"time":1784868600971588160,"op":"claim","uuid":"2755ade6-43da-440f-80a3-c0ff330a0983","queue":"conc-3789589","from_state":"s","to_state":"w"}
{"time":1784868600971593430,"op":"claim","uuid":"1c4bb6aa-c934-4b50-86b8-f5ef8872d6cd","queue":"conc-3789589","from_state":"s","to_state":"w"}
{"time":1784868600971600870,"op":"claim","uuid":"38b1be3a-fee2-4ad1-b2c0-1103d1d5f4f0","queue":"conc-3789589","from_state":"s","to_state":"w"}
{"time":1784868600971606500,"op":"claim","uuid":"e5101382-4cc0-4bb8-bfcf-1f67c66a88de","queue":"conc-3789589","from_state":"s","to_state":"w"}
{"time":1784868600971612810,"op":"claim","uuid":"9e80504d-804d-415f-a81d-289828df4727","queue":"conc-3789589","from_state":"s","to_state":"w"}
{"time":1784868600971618100,"op":"claim","uuid":"12c86f5d-4d4b-4405-9bc1-c60b6cb81bd6","queue":"conc-3789589","from_state":"s","to_state":"w"}
{"time":1784868600971623340,"op":"claim","uuid":"4f6937fe-4238-4161-867f-f30a1b029647","queue":"conc-3789589","from_state":"s","to_state":"w"}
{"time":1784868600971628530,"op":"claim","uuid":"7ad5ebd0-4105-4929-8a6b-55c8d9ec457c","queue":"conc-3789589","from_state":"s","to_state":"w"}
{"time":1784868600971640100,"op":"claim","uuid":"c6f25471-d0e5-40cd-bda5-81ddfaca9a60","queue":"conc-3789589","from_state":"s","to_state":"w"}
{"time":1784868600971645840,"op":"claim","uuid":"1821daeb-f8c9-4d7a-b9f0-5a538fabcafa","queue":"conc-3789589","from_state":"s","to_state":"w"}
{"time":1784868600971653910,"op":"claim","uuid":"7cf664c9-a57c-4914-9c9e-3004ea75fbb0","queue":"conc-3789589","from_state":"s","to_state":"w"}
{"time":1784868600971660050,"op":"claim","uuid":"6acef0b9-a137-45e3-8174-fdaf8e0db805","queue":"conc-3789589","from_state":"s","to_state":"w"}
{"time":1784868600971666020,"op":"claim","uuid":"a6a51f60-056d-45e5-92da-a112f8204553","queue":"conc-3789589","from_state":"s","to_state":"w"}
{"time":1784868600971671630,"op":"claim","uuid":"ad4653c1-eba7-4768-b9ab-fbeed83c182f","queue":"conc-3789589","from_state":"s","to_state":"w"}
{"time":1784868600971677620,"op":"claim","uuid":"2ee6c0a5-10b0-4511-a073-18c4f2f2c50b","queue":"conc-3789589","from_state":"s","to_state":"w"}
{"time":1784868600971683670,"op":"claim","uuid":"89a565cc-1e27-4383-88c4-ceb1b9c0092b","queue":"conc-3789589","from_state":"s","to_state":"w"}
{"time":1784868600971691030,"op":"claim","uuid":"605de357-7740-4510-bf0d-cafcd37f0b41","queue":"conc-3789589","from_state":"s","to_state":"w"}
{"time":1784868600971696340,"op":"claim","uuid":"45daefd5-2801-4022-a5d9-e7e5d6fb7688","queue":"conc-3789589","from_state":"s","to_state":"w"}
{"time":1784868600971702410,"op":"claim","uuid":"fecd67c0-958f-4d45-beac-a9e62ca2cfdd","queue":"conc-3789589","from_state":"s","to_state":"w"}
{"time":1784868600971707640,"op":"claim","uuid":"c8bf6ac7-0bad-4cba-9811-9160cd7e86ff","queue":"conc-3789589","from_state":"s","to_state":"w"}
{"time":1784868600971726739,"op":"claim","uuid":"d28d2b31-d435-45cf-9105-d1497b3b8245","queue":"conc-3789589","from_state":"s","to_state":"w"}
{"time":1784868600971736049,"op":"claim","uuid":"31b9dc69-8f2e-40f5-9aca-fa22440514d2","queue":"conc-3789589","from_state":"s","to_state":"w"}
{"time":1784868600971741989,"op":"claim","uuid":"b32e0563-43ad-4334-bfe2-b4d3a88cf350","queue":"conc-3789589","from_state":"s","to_state":"w"}
{"time":1784868600971747379,"op":"claim","uuid":"037eedc1-92d7-4966-9a58-479f2c73140a","queue":"conc-3789589","from_state":"s","to_state":"w"}
{"time":1784868600971753339,"op":"claim","uuid":"a121dee1-ee83-4592-8545-419fcc8b9b3e","queue":"conc-3789589","from_state":"s","to_state":"w"}
{"time":1784868600971759159,"op":"claim","uuid":"a4f460ea-328f-4ef0-9b29-7b2cffc71c81","queue":"conc-3789589","from_state":"s","to_state":"w"}
{"time":1784868600971766039,"op":"claim","uuid":"45b0e520-67af-41b3-94af-23ff87d5e448","queue":"conc-3789589","from_state":"s","to_state":"w"}
{"time":1784868600971771779,"op":"claim","uuid":"cda4fa3a-07a0-4214-8167-e0c388ae4ce1","queue":"conc-3789589","from_state":"s","to_state":"w"}
{"time":1784868600971777339,"op":"claim","uuid":"be023f11-fee8-48dc-97f4-f119530b052c","queue":"conc-3789589","from_state":"s","to_state":"w"}
{"time":1784868600971786699,"op":"claim","uuid":"a49f7cdd-8d19-4e74-ab72-31dd092260f7","queue":"conc-3789589","from_state":"s","to_state":"w"}
{"time":1784868600971792189,"op":"claim","uuid":"3cbc8f5c-baf7-4696-8514-ad394cd7836f","queue":"conc-3789589","from_state":"s","to_state":"w"}
{"time":1784868600971798349,"op":"claim","uuid":"654f66b9-1961-400f-be74-c49593801613","queue":"conc-3789589","from_state":"s","to_state":"w"}
{"time":1784868600971804239,"op":"claim","uuid":"ab597605-414a-41f4-93d5-d8e2edb047da","queue":"conc-3789589","from_state":"s","to_state":"w"}
{"time":1784868600971810149,"op":"claim","uuid":"1417b5ae-2118-415f-8bf5-aec7a9d46292","queue":"conc-3789589","from_state":"s","to_state":"w"}
{"time":1784868600971815569,"op":"claim","uuid":"c9d65018-91b5-4e68-9ca6-e7f5fb8169ce","queue":"conc-3789589","from_state":"s","to_state":"w"}
{"time":1784868600971821759,"op":"claim","uuid":"ebc846b2-0c1a-4dba-9bd2-6da650ece117","queue":"conc-3789589","from_state":"s","to_state":"w"}
{"time":1784868600971827089,"op":"claim","uuid":"12f184e5-4107-4c1e-bec1-cf7f4d25d870","queue":"conc-3789589","from_state":"s","to_state":"w"}
{"time":1784868600971832569,"op":"claim","uuid":"7d35b0b0-4f9c-40f0-8213-4277c886ad80","queue":"conc-3789589","from_state":"s","to_state":"w"}
{"time":1784868600971838449,"op":"claim","uuid":"2df72879-3294-4ef7-aceb-c3c6c0435efe","queue":"conc-3789589","from_state":"s","to_state":"w"}
{"time":1784868600971844069,"op":"claim","uuid":"e4486f85-de0e-4db7-a27c-80525bfcd07e","queue":"conc-3789589","from_state":"s","to_state":"w"}
{"time":1784868600971849289,"op":"claim","uuid":"17ce0013-7c2e-48f3-b6a3-80201dc7a6f1","queue":"conc-3789589","from_state":"s","to_state":"w"}
{"time":1784868600971855319,"op":"claim","uuid":"c3da4d83-b229-4c70-8a73-f168add5020f","queue":"conc-3789589","from_state":"s","to_state":"w"}
{"time":1784868600971861029,"op":"claim","uuid":"b8d32f26-838b-4d58-ba08-3bd2aafad390","queue":"conc-3789589","from_state":"s","to_state":"w"}
{"time":1784868600971866368,"op":"claim","uuid":"5f710397-9d1e-451d-bb1b-14262c11bb06","queue":"conc-3789589","from_state":"s","to_state":"w"}
{"time":1784868600971871908,"op":"claim","uuid":"5076a7b4-ca99-4b66-a835-e92acd97779e","queue":"conc-3789589","from_state":"s","to_state":"w"}
{"time":1784868600971877198,"op":"claim","uuid":"51ad98fc-3b27-4156-8f32-97762d1b0fdc","queue":"conc-3789589","from_state":"s","to_state":"w"}
{"time":1784868600971882338,"op":"claim","uuid":"801d6a00-eb08-4457-a9a1-9a0e8317846c","queue":"conc-3789589","from_state":"s","to_state":"w"}
{"time":1784868600971887568,"op":"claim","uuid":"940a0fff-11fe-4933-ba3f-ca2e0567f76b","queue":"conc-3789589","from_state":"s","to_state":"w"}
{"time":1784868600971910838,"op":"claim","uuid":"65163d8d-6402-4e9f-a85f-6fa14d0ecc72","queue":"conc-3789589","from_state":"s","to_state":"w"}
{"time":1784868600971918108,"op":"claim","uuid":"a81acd38-0e8b-4845-b7cf-26aa92f007ee","queue":"conc-3789589","from_state":"s","to_state":"w"}
{"time":1784868600971923938,"op":"claim","uuid":"9c0df4f4-8d02-4472-9963-01a068cb28de","queue":"conc-3789589","from_state":"s","to_state":"w"}
{"time":1784868600971929428,"op":"claim","uuid":"b49af2ac-c743-4ade-873f-e1778081d2a0","queue":"conc-3789589","from_state":"s","to_state":"w"}
{"time":1784868600971936168,"op":"claim","uuid":"e9a1409e-1e29-42f9-a083-065eac46146c","queue":"conc-3789589","from_state":"s","to_state":"w"}
{"time":1784868600971941888,"op":"claim","uuid":"46382b21-429c-4212-97fe-979889ba0281","queue":"conc-3789589","from_state":"s","to_state":"w"}
{"time":1784868600971947228,"op":"claim","uuid":"01f8935d-4614-47c1-9c40-184415353a0d","queue":"conc-3789589","from_state":"s","to_state":"w"}
{"time":1784868600971952378,"op":"claim","uuid":"e2b0198e-30a6-439d-9c9b-2bad7ddf4afa","queue":"conc-3789589","from_state":"s","to_state":"w"}
{"time":1784868600971961228,"op":"claim","uuid":"a216ba83-e28d-4812-a1f6-f2e11160dc62","queue":"conc-3789589","from_state":"s","to_state":"w"}
{"time":1784868600971966648,"op":"claim","uuid":"610a9c4d-40da-40e9-a4d4-1103671abcec","queue":"conc-3789589","from_state":"s","to_state":"w"}
{"time":1784868600971972098,"op":"claim","uuid":"d431ccef-ccf2-4319-8795-3b6892fc2fff","queue":"conc-3789589","from_state":"s","to_state":"w"}
{"time":1784868600971977128,"op":"claim","uuid":"9eba8c8b-e6ac-466c-aa8b-d86352b42dba","queue":"conc-3789589","from_state":"s","to_state":"w"}
{"time":1784868600971982388,"op":"claim","uuid":"61ff8355-5d0b-480d-b907-a9be2c690eb7","queue":"conc-3789589","from_state":"s","to_state":"w"}
{"time":1784868600971987728,"op":"claim","uuid":"2fbe94bf-4b5c-4fe0-aa84-e1d2b21f5066","queue":"conc-3789589","from_state":"s","to_state":"w"}
{"time":1784868600971993958,"op":"claim","uuid":"596014ba-ac43-4c47-98a5-09d05ed41f00","queue":"conc-3789589","from_state":"s","to_state":"w"}
{"time":1784868600971999468,"op":"claim","uuid":"89694a2b-4f40-4c7c-b738-5228492b7c98","queue":"conc-3789589","from_state":"s","to_state":"w"}
{"time":1784868600972004848,"op":"claim","uuid":"9116bdba-c0bb-46c4-8989-3893d1f5dde1","queue":"conc-3789589","from_state":"s","to_state":"w"}
{"time":1784868600972010307,"op":"claim","uuid":"dadb9da1-591d-4cfe-aadb-f139b95b722b","queue":"conc-3789589","from_state":"s","to_state":"w"}
{"time":1784868600972015487,"op":"claim","uuid":"d6e1a217-06ea-4e21-b7c2-947844158adb","queue":"conc-3789589","from_state":"s","to_state":"w"}
{"time":1784868600972020917,"op":"claim","uuid":"eb25e45f-7d7a-4e38-aed9-f444f93783a8","queue":"conc-3789589","from_state":"s","to_state":"w"}
{"time":1784868600972027947,"op":"claim","uuid":"1359a176-080e-4a05-a16d-dbd67356800e","queue":"conc-3789589","from_state":"s","to_state":"w"}
{"time":1784868600972037447,"op":"claim","uuid":"3915b3c5-6f89-4e24-a5d2-7cec19da6468","queue":"conc-3789589","from_state":"s","to_state":"w"}
{"time":1784868600972045857,"op":"claim","uuid":"caf01c3a-0862-4888-b4dc-5fd783278e03","queue":"conc-3789589","from_state":"s","to_state":"w"}
{"time":1784868600972054337,"op":"claim","uuid":"4987c342-5e62-42ea-830b-32fc75250b19","queue":"conc-3789589","from_state":"s","to_state":"w"}
{"time":1784868600972063097,"op":"claim","uuid":"a657a770-917e-4623-9aed-0e43bc242c77","queue":"conc-3789589","from_state":"s","to_state":"w"}
{"time":1784868600972072647,"op":"claim","uuid":"fea6d9e6-da00-4998-bf9f-c2244d2f192d","queue":"conc-3789589","from_state":"s","to_state":"w"}
{"time":1784868600972079667,"op":"claim","uuid":"9575e81e-af61-4979-b09e-43e91d6c1327","queue":"conc-3789589","from_state":"s","to_state":"w"}
{"time":1784868600972085407,"op":"claim","uuid":"90bf5f74-2a40-4d14-ae58-5fdecc2d0392","queue":"conc-3789589","from_state":"s","to_state":"w"}
{"time":1784868600972091587,"op":"claim","uuid":"dc3953a3-a16f-464f-aa87-572c42306aaf","queue":"conc-3789589","from_state":"s","to_state":"w"}
{"time":1784868600972110197,"op":"claim","uuid":"0cfcac04-f985-4e8d-938a-c8b3dcfff3ae","queue":"conc-3789589","from_state":"s","to_state":"w"}
{"time":1784868600972120027,"op":"claim","uuid":"c2e013e4-1d1b-4144-827a-8cd6c39b20ac","queue":"conc-3789589","from_state":"s","to_state":"w"}
{"time":1784868600972125917,"op":"claim","uuid":"01a51b13-6b12-42b4-812e-6173cb4ef746","queue":"conc-3789589","from_state":"s","to_state":"w"}
{"time":1784868600972136567,"op":"claim","uuid":"5e6b311a-5523-485b-9d11-2bd81e69c554","queue":"conc-3789589","from_state":"s","to_state":"w"}
{"time":1784868600972142757,"op":"claim","uuid":"b41304e5-8f1e-41bb-b02e-1f7056759475","queue":"conc-3789589","from_state":"s","to_state":"w"}
{"time":1784868600972148327,"op":"claim","uuid":"7da34454-9e3c-448a-801f-432efe527132","queue":"conc-3789589","from_state":"s","to_state":"w"}
{"time":1784868600972154276,"op":"claim","uuid":"c4378e21-5456-422a-b786-6b592d902710","queue":"conc-3789589","from_state":"s","to_state":"w"}
{"time":1784868600972160276,"op":"claim","uuid":"79a77633-73d9-4637-8bed-fc1c349399c2","queue":"conc-3789589","from_state":"s","to_state":"w"}
{"time":1784868600972165676,"op":"claim","uuid":"b2748446-87dc-48cb-89be-1b66b52ac96b","queue":"conc-3789589","from_state":"s","to_state":"w"}
{"time":1784868600972175166,"op":"claim","uuid":"45c071ee-9d30-4459-9fde-8c3674014cd1","queue":"conc-3789589","from_state":"s","to_state":"w"}
{"time":1784868600972180846,"op":"claim","uuid":"cdd0a32b-ee43-498f-81d7-a6d063a7546e","queue":"conc-3789589","from_state":"s","to_state":"w"}
{"time":1784868600972186506,"op":"claim","uuid":"5b9565d8-a25e-4f1f-a708-5e1c9204276d","queue":"conc-3789589","from_state":"s","to_state":"w"}
{"time":1784868600972192456,"op":"claim","uuid":"a3e718d7-2673-4357-bf7d-bdbe1af0d8f1","queue":"conc-3789589","from_state":"s","to_state":"w"}
{"time":1784868600972198116,"op":"claim","uuid":"3eea0673-6d83-4a46-b9a2-005c87bc3662","queue":"conc-3789589","from_state":"s","to_state":"w"}
{"time":1784868600972203536,"op":"claim","uuid":"04a1214b-428c-41bf-a94b-df645e248ebe","queue":"conc-3789589","from_state":"s","to_state":"w"}
{"time":1784868600972209566,"op":"claim","uuid":"db6ab321-99d5-4313-a0e4-b13537f0a0b4","queue":"conc-3789589","from_state":"s","to_state":"w"}
{"time":1784868600972215486,"op":"claim","uuid":"87518853-42a1-4262-b387-97dbcb5c623b","queue":"conc-3789589","from_state":"s","to_state":"w"}
{"time":1784868600972220676,"op":"claim","uuid":"9d20c140-54f9-489f-8629-d00f272a71a1","queue":"conc-3789589","from_state":"s","to_state":"w"}
{"time":1784868600972226056,"op":"claim","uuid":"b3d1e667-fb26-494b-a1d4-33e63718fcbe","queue":"conc-3789589","from_state":"s","to_state":"w"}
{"time":1784868600972231416,"op":"claim","uuid":"f56a5313-511d-4bef-9b56-0c95c7af9b81","queue":"conc-3789589","from_state":"s","to_state":"w"}
{"time":1784868600972237326,"op":"claim","uuid":"18353c0b-fa47-4a47-a37b-99fea304eab0","queue":"conc-3789589","from_state":"s","to_state":"w"}
{"time":1784868600972243776,"op":"claim","uuid":"da379240-1b2b-462f-89b8-df52a5025b4b","queue":"conc-3789589","from_state":"s","to_state":"w"}
{"time":1784868600972249106,"op":"claim","uuid":"4a8f01a8-573e-4474-b277-3d85ccebaa7b","queue":"conc-3789589","from_state":"s","to_state":"w"}
{"time":1784868600972254356,"op":"claim","uuid":"e60b0cdc-eae1-462f-8005-000bb0c88682","queue":"conc-3789589","from_state":"s","to_state":"w"}
{"time":1784868600972259666,"op":"claim","uuid":"ea0eb8f6-a0e4-413c-92b3-7a4ecaea24e7","queue":"conc-3789589","from_state":"s","to_state":"w"}
{"time":1784868600972264706,"op":"claim","uuid":"ccd82a3a-adf7-4f86-a989-e8d2fc977e99","queue":"conc-3789589","from_state":"s","to_state":"w"}
{"time":1784868600972269976,"op":"claim","uuid":"9a5e48de-45be-4218-90ad-e2f83fb69c1b","queue":"conc-3789589","from_state":"s","to_state":"w"}
{"time":1784868600972279066,"op":"claim","uuid":"7e227735-b297-4150-a735-d03236ec443f","queue":"conc-3789589","from_state":"s","to_state":"w"}
{"time":1784868600972284546,"op":"claim","uuid":"8ee15e8f-d508-4ded-ba03-433916eacda0","queue":"conc-3789589","from_state":"s","to_state":"w"}
{"time":1784868600972306365,"op":"claim","uuid":"55da10f1-2d3d-4e97-8213-0c8d1949ed88","queue":"conc-3789589","from_state":"s","to_state":"w"}
{"time":1784868600972315845,"op":"claim","uuid":"1f5d88f3-e50f-41bf-af11-eead03dcfa40","queue":"conc-3789589","from_state":"s","to_state":"w"}
{"time":1784868600972322235,"op":"claim","uuid":"81b9df31-e600-476b-81c3-f6ea48b9f6d7","queue":"conc-3789589","from_state":"s","to_state":"w"}
{"time":1784868600972328215,"op":"claim","uuid":"a1bbdc8e-5289-4567-91e6-c82d487299e4","queue":"conc-3789589","from_state":"s","to_state":"w"}
{"time":1784868600982085544,"op":"claim","uuid":"2552f8e2-b059-433f-a4fa-c25687d0d746","queue":"conc-3789589","from_state":"s","to_state":"w"}
{"time":1784868600982108443,"op":"claim","uuid":"0b9c0494-9a71-434b-aed3-6a1a0d449178","queue":"conc-3789589","from_state":"s","to_state":"w"}
{"time":1784868600982121953,"op":"claim","uuid":"fb479f9a-66a0-4e49-b913-1ec6df11caa2","queue":"conc-3789589","from_state":"s","to_state":"w"}
{"time":1784868600982132833,"op":"claim","uuid":"e1e78ffe-3b1b-4992-acce-00ea075a3296","queue":"conc-3789589","from_state":"s","to_state":"w"}
{"time":1784868600982146623,"op":"claim","uuid":"b2fe3203-5575-4219-a12f-cb688714123b","queue":"conc-3789589","from_state":"s","to_state":"w"}
{"time":1784868600982156913,"op":"claim","uuid":"ca0c70e9-9a5c-4598-a222-7ea52ceaf105","queue":"conc-3789589","from_state":"s","to_state":"w"}
{"time":1784868600982170873,"op":"claim","uuid":"2e1b69e9-54d5-43a5-be99-da516c77a00b","queue":"conc-3789589","from_state":"s","to_state":"w"}
{"time":1784868600982182213,"op":"claim","uuid":"5429911c-3410-4fcd-8141-82a89f1d1491","queue":"conc-3789589","from_state":"s","to_state":"w"}
{"time":1784868600982191883,"op":"claim","uuid":"f5f7927c-e130-4cf2-982e-7723756c3b48","queue":"conc-3789589","from_state":"s","to_state":"w"}
{"time":1784868600982201733,"op":"claim","uuid":"15c8cc97-db05-4126-a913-108dc062b738","queue":"conc-3789589","from_state":"s","to_state":"w"}
{"time":1784868600982211833,"op":"claim","uuid":"674ba74b-3f48-4363-a572-641292291f20","queue":"conc-3789589","from_state":"s","to_state":"w"}
{"time":1784868600982319972,"op":"claim","uuid":"243822d1-54f6-439d-bb93-470db53a94f4","queue":"conc-3789589","from_state":"s","to_state":"w"}
{"time":1784868600982338382,"op":"claim","uuid":"3bee0776-20ca-4ff6-83f7-c110e866e69e","queue":"conc-3789589","from_state":"s","to_state":"w"}
{"time":1784868600982351402,"op":"claim","uuid":"b24bc014-63cb-499e-b638-0d68654c4675","queue":"conc-3789589","from_state":"s","to_state":"w"}
{"time":1784868600982364512,"op":"claim","uuid":"d272691e-54bb-4369-aa5b-b406c93ca4fa","queue":"conc-3789589","from_state":"s","to_state":"w"}
{"time":1784868600982379171,"op":"claim","uuid":"7cdb361f-278f-4bb2-89e3-b6e2236eb5c4","queue":"conc-3789589","from_state":"s","to_state":"w"}
{"time":1784868600982391801,"op":"claim","uuid":"10ca76a6-76fa-4402-a5e1-aa0cf89dc258","queue":"conc-3789589","from_state":"s","to_state":"w"}
{"time":1784868600982404411,"op":"claim","uuid":"09ca39f0-ef55-44cc-a513-b48b0fdaeb90","queue":"conc-3789589","from_state":"s","to_state":"w"}
{"time":1784868600982422001,"op":"claim","uuid":"5ccf3961-d7da-4848-86c8-2c88c0739c7b","queue":"conc-3789589","from_state":"s","to_state":"w"}
{"time":1784868600982438061,"op":"claim","uuid":"a158d4ce-0078-4640-8574-d6ea9c78ba79","queue":"conc-3789589","from_state":"s","to_state":"w"}
{"time":1784868600982464921,"op":"claim","uuid":"6611ab21-e052-43a2-8bf3-88c95d73920d","queue":"conc-3789589","from_state":"s","to_state":"w"}
{"time":1784868600982479371,"op":"claim","uuid":"6845c09d-26cd-49c0-a322-377ca2f3399f","queue":"conc-3789589","from_state":"s","to_state":"w"}
{"time":1784868600982493531,"op":"claim","uuid":"7b9e7eaa-6d9f-4e84-ae16-0df35450e093","queue":"conc-3789589","from_state":"s","to_state":"w"}
{"time":1784868600982505640,"op":"claim","uuid":"7d7fd166-fc1e-4599-878e-0e5f8bec1656","queue":"conc-3789589","from_state":"s","to_state":"w"}
{"time":1784868600982586870,"op":"claim","uuid":"64471f1e-df00-48f9-90dd-cb439a8f8eff","queue":"conc-3789589","from_state":"s","to_state":"w"}
{"time":1784868600982750839,"op":"claim","uuid":"0380a1f5-9381-4eed-9799-95fddc49b64d","queue":"conc-3789589","from_state":"s","to_state":"w"}
{"time":1784868600982765569,"op":"claim","uuid":"e79f75ac-1844-44e5-8cc9-51528a3dba58","queue":"conc-3789589","from_state":"s","to_state":"w"}
{"time":1784868600982776298,"op":"claim","uuid":"3e6d01ec-7428-44ae-84aa-a841f75e9a71","queue":"conc-3789589","from_state":"s","to_state":"w"}
{"time":1784868600982785948,"op":"claim","uuid":"3a48ca04-57ea-40fc-bdd0-878553a18d98","queue":"conc-3789589","from_state":"s","to_state":"w"}
{"time":1784868600982795078,"op":"claim","uuid":"8fd6b2bb-709d-4b33-89df-7882a57679eb","queue":"conc-3789589","from_state":"s","to_state":"w"}
{"time":1784868600982805058,"op":"claim","uuid":"22c203d1-b255-421e-b2da-1cd63e69f05e","queue":"conc-3789589","from_state":"s","to_state":"w"}
{"time":1784868600982815708,"op":"claim","uuid":"79aaeb7d-8538-4f76-a8e9-57dffbeb59e7","queue":"conc-3789589","from_state":"s","to_state":"w"}
{"time":1784868600982825208,"op":"claim","uuid":"7a1f532c-8a18-423c-b335-6e86a3f76eea","queue":"conc-3789589","from_state":"s","to_state":"w"}
{"time":1784868600982833298,"op":"claim","uuid":"7a8a911a-26a8-44f4-9dcc-a0dd98629a94","queue":"conc-3789589","from_state":"s","to_state":"w"}
{"time":1784868600982842918,"op":"claim","uuid":"b9aa5f95-d7d3-46fd-9c7b-80bbcb6aff58","queue":"conc-3789589","from_state":"s","to_state":"w"}
{"time":1784868600982851518,"op":"claim","uuid":"68811793-cc54-4210-a842-ca07c5bfc6d0","queue":"conc-3789589","from_state":"s","to_state":"w"}
{"time":1784868600982860978,"op":"claim","uuid":"42939467-9e1b-406e-8fb8-850c650e6993","queue":"conc-3789589","from_state":"s","to_state":"w"}
{"time":1784868600982868948,"op":"claim","uuid":"75b656dc-689a-4175-9cda-738af89cfbc2","queue":"conc-3789589","from_state":"s","to_state":"w"}
{"time":1784868600982877968,"op":"claim","uuid":"152918fc-b016-4428-85e0-c183565dbe1c","queue":"conc-3789589","from_state":"s","to_state":"w"}
{"time":1784868600982886288,"op":"claim","uuid":"57075232-fda9-44c5-bb10-1ee59258e5a0","queue":"conc-3789589","from_state":"s","to_state":"w"}
{"time":1784868600982895248,"op":"claim","uuid":"d7747d37-f054-4f79-90a5-e234bcb60d91","queue":"conc-3789589","from_state":"s","to_state":"w"}
{"time":1784868600982904217,"op":"claim","uuid":"8737ecaa-2e61-4e30-a33b-e7a87bf1a26a","queue":"conc-3789589","from_state":"s","to_state":"w"}
{"time":1784868600982913097,"op":"claim","uuid":"56c7123d-cff2-4a7d-a7ce-1d95fdb582ee","queue":"conc-3789589","from_state":"s","to_state":"w"}
{"time":1784868600982923277,"op":"claim","uuid":"96959668-234d-42eb-8899-7611b6711650","queue":"conc-3789589","from_state":"s","to_state":"w"}
{"time":1784868600982932427,"op":"claim","uuid":"6aa96e45-9396-49a0-9ff4-a8573ece9ea1","queue":"conc-3789589","from_state":"s","to_state":"w"}
{"time":1784868600982941737,"op":"claim","uuid":"c60f01f8-0fdf-48bb-b8f1-2718ce1ad9ad","queue":"conc-3789589","from_state":"s","to_state":"w"}
{"time":1784868600982950937,"op":"claim","uuid":"7c3a72fc-c6e1-4811-b6fb-98d15bc0d1ca","queue":"conc-3789589","from_state":"s","to_state":"w"}
{"time":1784868600982959547,"op":"claim","uuid":"75028b88-b222-4f45-adf6-df1fa0e896ab","queue":"conc-3789589","from_state":"s","to_state":"w"}
{"time":1784868600982968677,"op":"claim","uuid":"1181ffdd-82bb-4ac2-a05d-67c7206a9531","queue":"conc-3789589","from_state":"s","to_state":"w"}
{"time":1784868600982978157,"op":"claim","uuid":"270487e8-3047-4c7a-990b-55ee470d6e70","queue":"conc-3789589","from_state":"s","to_state":"w"}
{"time":1784868600982985867,"op":"claim","uuid":"5215b2eb-bc51-4697-b100-eaf3bf627f52","queue":"conc-3789589","from_state":"s","to_state":"w"}
{"time":1784868600982994947,"op":"claim","uuid":"39897a39-d20a-49b2-b597-6ee301aeb4b3","queue":"conc-3789589","from_state":"s","to_state":"w"}
{"time":1784868600983003527,"op":"claim","uuid":"867d4111-52ad-4753-9429-517569e5b5ca","queue":"conc-3789589","from_state":"s","to_state":"w"}
{"time":1784868600983024367,"op":"claim","uuid":"50882d23-f954-49b0-8c53-b2edeb4be4f3","queue":"conc-3789589","from_state":"s","to_state":"w"}
{"time":1784868600983033287,"op":"claim","uuid":"e1e758f8-61a4-477b-896d-48aae1ac998e","queue":"conc-3789589","from_state":"s","to_state":"w"}
{"time":1784868600983040726,"op":"claim","uuid":"f19c0b6f-0e40-4ea2-9a2d-37284889ac24","queue":"conc-3789589","from_state":"s","to_state":"w"}
{"time":1784868600983050116,"op":"claim","uuid":"dcc1b499-b608-463e-bf8c-7659b07ee03b","queue":"conc-3789589","from_state":"s","to_state":"w"}
{"time":1784868600983059076,"op":"claim","uuid":"96bda1c3-45da-46a5-8011-167f29f4a8de","queue":"conc-3789589","from_state":"s","to_state":"w"}
{"time":1784868600983068756,"op":"claim","uuid":"59c13514-51b2-4b72-8b06-d45a29095ccb","queue":"conc-3789589","from_state":"s","to_state":"w"}
{"time":1784868600983076736,"op":"claim","uuid":"77a9b591-0427-4167-a60e-c0e64cea74dc","queue":"conc-3789589","from_state":"s","to_state":"w"}
{"time":1784868600983087256,"op":"claim","uuid":"e8ab269e-9bbf-40ba-ad87-6285474c0caa","queue":"conc-3789589","from_state":"s","to_state":"w"}
{"time":1784868600983096086,"op":"claim","uuid":"e2923806-f45d-4e26-b65c-cefa42ef6b77","queue":"conc-3789589","from_state":"s","to_state":"w"}
{"time":1784868600983104896,"op":"claim","uuid":"e685fa29-307a-458c-88ba-1a178285c1ae","queue":"conc-3789589","from_state":"s","to_state":"w"}
{"time":1784868600983113106,"op":"claim","uuid":"5c0ed217-307e-4950-b332-b9e7525e8993","queue":"conc-3789589","from_state":"s","to_state":"w"}
{"time":1784868600983122146,"op":"claim","uuid":"00c9275a-c90d-4a59-ab7d-3c0bf61ff7f0","queue":"conc-3789589","from_state":"s","to_state":"w"}
{"time":1784868600983132696,"op":"claim","uuid":"33eefef3-cbab-4a1d-9c83-a07e3af4511b","queue":"conc-3789589","from_state":"s","to_state":"w"}
{"time":1784868600983145146,"op":"claim","uuid":"657dc3a4-4fd5-4646-8252-d900ec24d8f8","queue":"conc-3789589","from_state":"s","to_state":"w"}
{"time":1784868600983155696,"op":"claim","uuid":"ee9b77bf-068c-4987-aa91-1d9e456f4c99","queue":"conc-3789589","from_state":"s","to_state":"w"}
{"time":1784868600983165856,"op":"claim","uuid":"1036bfd5-b53d-447e-b7aa-39930cf08abd","queue":"conc-3789589","from_state":"s","to_state":"w"}
{"time":1784868600983175425,"op":"claim","uuid":"1d932613-8452-4451-8dd9-3bbc91755749","queue":"conc-3789589","from_state":"s","to_state":"w"}
{"time":1784868600983185685,"op":"claim","uuid":"2f1a8fca-eea0-4d2b-b84e-d95b6047e76a","queue":"conc-3789589","from_state":"s","to_state":"w"}
{"time":1784868600983195405,"op":"claim","uuid":"1b2cc04b-d1b6-4a8b-b21e-e8e1faa403e8","queue":"conc-3789589","from_state":"s","to_state":"w"}
{"time":1784868600983205905,"op":"claim","uuid":"f2f8c680-b9c3-4105-8985-de9669d7210b","queue":"conc-3789589","from_state":"s","to_state":"w"}
{"time":1784868600983216165,"op":"claim","uuid":"680915ce-4fd7-40a8-80f2-f0a5e491e85f","queue":"conc-3789589","from_state":"s","to_state":"w"}
{"time":1784868600983226735,"op":"claim","uuid":"506850f2-8b0e-48ab-be10-52391ceece78","queue":"conc-3789589","from_state":"s","to_state":"w"}
{"time":1784868600983236535,"op":"claim","uuid":"c55b4d6f-3a33-46e1-94be-873fb97051d7","queue":"conc-3789589","from_state":"s","to_state":"w"}
{"time":1784868600983248245,"op":"claim","uuid":"4b9556fa-2808-4af2-92b4-02301843dea3","queue":"conc-3789589","from_state":"s","to_state":"w"}
{"time":1784868600983255105,"op":"claim","uuid":"178aeef3-cfe6-427f-806c-91d14a1677b6","queue":"conc-3789589","from_state":"s","to_state":"w"}
{"time":1784868600983262225,"op":"claim","uuid":"034d564a-09dc-4e18-bb20-90890d58b227","queue":"conc-3789589","from_state":"s","to_state":"w"}
{"time":1784868600983275505,"op":"claim","uuid":"a29a06d5-a9c0-4464-a784-90b693c8f4d9","queue":"conc-3789589","from_state":"s","to_state":"w"}
{"time":1784868600983283425,"op":"claim","uuid":"926ea75c-0e24-4a03-bf9c-067a628a56e4","queue":"conc-3789589","from_state":"s","to_state":"w"}
{"time":1784868600983290645,"op":"claim","uuid":"9daa5b7d-4d8c-4e14-baa4-5433dfa63263","queue":"conc-3789589","from_state":"s","to_state":"w"}
{"time":1784868600983313304,"op":"claim","uuid":"7d2057c9-bbb0-4f54-bc7b-e536a601740c","queue":"conc-3789589","from_state":"s","to_state":"w"}
{"time":1784868600983319344,"op":"claim","uuid":"be4d546b-6437-4630-9849-215ac1b1d172","queue":"conc-3789589","from_state":"s","to_state":"w"}
{"time":1784868600983325304,"op":"claim","uuid":"601b86f9-f6df-4589-8512-f5be4b75b021","queue":"conc-3789589","from_state":"s","to_state":"w"}
{"time":1784868600983330804,"op":"claim","uuid":"69ba2d9e-79c0-481f-8a06-f7843034a656","queue":"conc-3789589","from_state":"s","to_state":"w"}
{"time":1784868600983339774,"op":"claim","uuid":"6a0bc036-ff5e-4863-8813-bb6e01eb9760","queue":"conc-3789589","from_state":"s","to_state":"w"}
{"time":1784868600983348704,"op":"claim","uuid":"5fd80b73-1162-4e64-b02b-c8593a09f63d","queue":"conc-3789589","from_state":"s","to_state":"w"}
{"time":1784868600983354334,"op":"claim","uuid":"7ddaa352-c8e2-4d9b-978a-5e72786cf09e","queue":"conc-3789589","from_state":"s","to_state":"w"}
{"time":1784868600987724832,"op":"claim","uuid":"0a58ce99-161f-4d27-ace1-c9d9a5b7916d","queue":"conc-3789589","from_state":"s","to_state":"w"}
{"time":1784868600987740712,"op":"claim","uuid":"af8f825d-de31-406b-ae24-d48b687491e1","queue":"conc-3789589","from_state":"s","to_state":"w"}
{"time":1784868600987752612,"op":"claim","uuid":"e20f1e1b-be77-4593-aef2-de748c762609","queue":"conc-3789589","from_state":"s","to_state":"w"}
{"time":1784868600987763212,"op":"claim","uuid":"d446d593-a960-44ae-aadd-73dec2d73440","queue":"conc-3789589","from_state":"s","to_state":"w"}
{"time":1784868600987775582,"op":"claim","uuid":"7077ec2c-d551-4e81-8496-70737317d419","queue":"conc-3789589","from_state":"s","to_state":"w"}
{"time":1784868600987787302,"op":"claim","uuid":"27d6ecac-9f6d-4c38-999b-a0933907a869","queue":"conc-3789589","from_state":"s","to_state":"w"}
{"time":1784868600988021500,"op":"claim","uuid":"b5314de3-7312-4aa7-bc15-ecf56598d640","queue":"conc-3789589","from_state":"s","to_state":"w"}
{"time":1784868600988053060,"op":"claim","uuid":"9d388363-ec7c-4446-ba10-bb15ad296c45","queue":"conc-3789589","from_state":"s","to_state":"w"}
{"time":1784868600988082119,"op":"claim","uuid":"bafe2f6e-ca16-4c4a-ab7e-1a0b440e2ff2","queue":"conc-3789589","from_state":"s","to_state":"w"}
{"time":1784868600988104099,"op":"claim","uuid":"46b9427f-99e9-49cc-814f-069e37414b6e","queue":"conc-3789589","from_state":"s","to_state":"w"}
{"time":1784868600988146429,"op":"claim","uuid":"d0b1a3bf-99e2-40e5-b319-a10c5c9de58c","queue":"conc-3789589","from_state":"s","to_state":"w"}
{"time":1784868600988168839,"op":"claim","uuid":"ca353cb0-3e30-4152-b201-fe3f9d58707d","queue":"conc-3789589","from_state":"s","to_state":"w"}
{"time":1784868600988189389,"op":"claim","uuid":"91ea2116-f1e8-4b39-a8ed-186bebd2506b","queue":"conc-3789589","from_state":"s","to_state":"w"}
{"time":1784868600988222868,"op":"claim","uuid":"6d71a280-45dc-46ff-81c8-b8719384093e","queue":"conc-3789589","from_state":"s","to_state":"w"}
{"time":1784868600988245128,"op":"claim","uuid":"7b7f40cb-3273-4190-b816-034a9a4a70be","queue":"conc-3789589","from_state":"s","to_state":"w"}
{"time":1784868600988261858,"op":"claim","uuid":"3787d56f-4a25-49ca-9e65-9676eee74a27","queue":"conc-3789589","from_state":"s","to_state":"w"}
{"time":1784868600988293868,"op":"claim","uuid":"fc3504d7-f589-47e9-b48f-82a30e182c64","queue":"conc-3789589","from_state":"s","to_state":"w"}
{"time":1784868600988317068,"op":"claim","uuid":"b9fb227d-30d8-4434-baf2-c98a2b2edbea","queue":"conc-3789589","from_state":"s","to_state":"w"}
{"time":1784868600988341308,"op":"claim","uuid":"0452dfdd-6708-4bc0-a70e-102e86d06a50","queue":"conc-3789589","from_state":"s","to_state":"w"}
{"time":1784868600988435747,"op":"claim","uuid":"ac201ba1-7acb-49c6-bd38-04b489a0af23","queue":"conc-3789589","from_state":"s","to_state":"w"}
{"time":1784868600988446897,"op":"claim","uuid":"ddbe6ef4-11a9-41c0-9273-ac007c460cb2","queue":"conc-3789589","fr